17Networks_LH_VisCent_Striate_1,17Networks_LH_VisCent_Striate_2,17Networks_LH_VisCent_ExStr_1,17Networks_LH_VisCent_ExStr_2,17Networks_LH_VisCent_ExStr_3,17Networks_LH_VisCent_ExStr_4,17Networks_LH_VisCent_ExStr_5,17Networks_LH_VisCent_ExStr_6,17Networks_LH_VisCent_ExStr_7,17Networks_LH_VisCent_ExStr_8,17Networks_LH_VisCent_ExStr_9,17Networks_LH_VisCent_ExStr_10,17Networks_LH_VisCent_ExStr_11,17Networks_LH_VisCent_ExStr_12,17Networks_LH_VisCent_ExStr_13,17Networks_LH_VisPeri_StriCal_1,17Networks_LH_VisPeri_StriCal_2,17Networks_LH_VisPeri_StriCal_3,17Networks_LH_VisPeri_StriCal_4,17Networks_LH_VisPeri_StriCal_5,17Networks_LH_VisPeri_ExStrInf_1,17Networks_LH_VisPeri_ExStrInf_2,17Networks_LH_VisPeri_ExStrInf_3,17Networks_LH_VisPeri_ExStrInf_4,17Networks_LH_VisPeri_ExStrInf_5,17Networks_LH_VisPeri_ExStrSup_1,17Networks_LH_VisPeri_ExStrSup_2,17Networks_LH_VisPeri_ExStrSup_3,17Networks_LH_VisPeri_ExStrSup_4,17Networks_LH_VisPeri_ExStrSup_5,17Networks_LH_SomMotA_1,17Networks_LH_SomMotA_2,17Networks_LH_SomMotA_3,17Networks_LH_SomMotA_4,17Networks_LH_SomMotA_5,17Networks_LH_SomMotA_6,17Networks_LH_SomMotA_7,17Networks_LH_SomMotA_8,17Networks_LH_SomMotA_9,17Networks_LH_SomMotA_10,17Networks_LH_SomMotA_11,17Networks_LH_SomMotA_12,17Networks_LH_SomMotA_13,17Networks_LH_SomMotA_14,17Networks_LH_SomMotA_15,17Networks_LH_SomMotA_16,17Networks_LH_SomMotA_17,17Networks_LH_SomMotA_18,17Networks_LH_SomMotA_19,17Networks_LH_SomMotA_20,17Networks_LH_SomMotA_21,17Networks_LH_SomMotA_22,17Networks_LH_SomMotA_23,17Networks_LH_SomMotB_Cent_1,17Networks_LH_SomMotB_Cent_2,17Networks_LH_SomMotB_Cent_3,17Networks_LH_SomMotB_Cent_4,17Networks_LH_SomMotB_Cent_5,17Networks_LH_SomMotB_Cent_6,17Networks_LH_SomMotB_Cent_7,17Networks_LH_SomMotB_S2_1,17Networks_LH_SomMotB_S2_2,17Networks_LH_SomMotB_S2_3,17Networks_LH_SomMotB_S2_4,17Networks_LH_SomMotB_S2_5,17Networks_LH_SomMotB_S2_6,17Networks_LH_SomMotB_Ins_1,17Networks_LH_SomMotB_Aud_1,17Networks_LH_SomMotB_Aud_2,17Networks_LH_SomMotB_Aud_3,17Networks_LH_SomMotB_Aud_4,17Networks_LH_SomMotB_Aud_5,17Networks_LH_SomMotB_Aud_6,17Networks_LH_SomMotB_Aud_7,17Networks_LH_DorsAttnA_TempOcc_1,17Networks_LH_DorsAttnA_TempOcc_2,17Networks_LH_DorsAttnA_TempOcc_3,17Networks_LH_DorsAttnA_ParOcc_1,17Networks_LH_DorsAttnA_ParOcc_2,17Networks_LH_DorsAttnA_ParOcc_3,17Networks_LH_DorsAttnA_SPL_1,17Networks_LH_DorsAttnA_SPL_2,17Networks_LH_DorsAttnA_SPL_3,17Networks_LH_DorsAttnA_SPL_4,17Networks_LH_DorsAttnA_SPL_5,17Networks_LH_DorsAttnA_SPL_6,17Networks_LH_DorsAttnA_SPL_7,17Networks_LH_DorsAttnA_SPL_8,17Networks_LH_DorsAttnB_TempOcc_1,17Networks_LH_DorsAttnB_PostC_1,17Networks_LH_DorsAttnB_PostC_2,17Networks_LH_DorsAttnB_PostC_3,17Networks_LH_DorsAttnB_PostC_4,17Networks_LH_DorsAttnB_PostC_5,17Networks_LH_DorsAttnB_PostC_6,17Networks_LH_DorsAttnB_PostC_7,17Networks_LH_DorsAttnB_PostC_8,17Networks_LH_DorsAttnB_FEF_1,17Networks_LH_DorsAttnB_FEF_2,17Networks_LH_DorsAttnB_FEF_3,17Networks_LH_SalVentAttnA_ParOper_1,17Networks_LH_SalVentAttnA_ParOper_2,17Networks_LH_SalVentAttnA_ParOper_3,17Networks_LH_SalVentAttnA_ParOper_4,17Networks_LH_SalVentAttnA_FrOper_1,17Networks_LH_SalVentAttnA_FrOper_2,17Networks_LH_SalVentAttnA_FrOper_3,17Networks_LH_SalVentAttnA_Ins_1,17Networks_LH_SalVentAttnA_Ins_2,17Networks_LH_SalVentAttnA_Ins_3,17Networks_LH_SalVentAttnA_Ins_4,17Networks_LH_SalVentAttnA_ParMed_1,17Networks_LH_SalVentAttnA_ParMed_2,17Networks_LH_SalVentAttnA_ParMed_3,17Networks_LH_SalVentAttnA_ParMed_4,17Networks_LH_SalVentAttnA_ParMed_5,17Networks_LH_SalVentAttnA_FrMed_1,17Networks_LH_SalVentAttnA_FrMed_2,17Networks_LH_SalVentAttnA_FrMed_3,17Networks_LH_SalVentAttnA_FrMed_4,17Networks_LH_SalVentAttnA_FrMed_5,17Networks_LH_SalVentAttnB_IPL_1,17Networks_LH_SalVentAttnB_PFCl_1,17Networks_LH_SalVentAttnB_PFCl_2,17Networks_LH_SalVentAttnB_PFCl_3,17Networks_LH_SalVentAttnB_Ins_1,17Networks_LH_SalVentAttnB_Ins_2,17Networks_LH_SalVentAttnB_Ins_3,17Networks_LH_SalVentAttnB_PFCmp_1,17Networks_LH_SalVentAttnB_PFCmp_2,17Networks_LH_SalVentAttnB_PFCmp_3,17Networks_LH_SalVentAttnB_PFCmp_4,17Networks_LH_LimbicB_OFC_1,17Networks_LH_LimbicB_OFC_2,17Networks_LH_LimbicB_OFC_3,17Networks_LH_LimbicB_OFC_4,17Networks_LH_LimbicB_OFC_5,17Networks_LH_LimbicB_OFC_6,17Networks_LH_LimbicA_TempPole_1,17Networks_LH_LimbicA_TempPole_2,17Networks_LH_LimbicA_TempPole_3,17Networks_LH_LimbicA_TempPole_4,17Networks_LH_LimbicA_TempPole_5,17Networks_LH_LimbicA_TempPole_6,17Networks_LH_LimbicA_TempPole_7,17Networks_LH_LimbicA_TempPole_8,17Networks_LH_LimbicA_TempPole_9,17Networks_LH_LimbicA_TempPole_10,17Networks_LH_ContA_Temp_1,17Networks_LH_ContA_IPS_1,17Networks_LH_ContA_IPS_2,17Networks_LH_ContA_IPS_3,17Networks_LH_ContA_IPS_4,17Networks_LH_ContA_IPS_5,17Networks_LH_ContA_IPS_6,17Networks_LH_ContA_IPS_7,17Networks_LH_ContA_IPS_8,17Networks_LH_ContA_PFCd_1,17Networks_LH_ContA_PFCd_2,17Networks_LH_ContA_PFCl_1,17Networks_LH_ContA_PFCl_2,17Networks_LH_ContA_PFCl_3,17Networks_LH_ContA_PFCl_4,17Networks_LH_ContA_PFCl_5,17Networks_LH_ContA_PFClv_1,17Networks_LH_ContA_Cingm_1,17Networks_LH_ContB_Temp_1,17Networks_LH_ContB_IPL_1,17Networks_LH_ContB_IPL_2,17Networks_LH_ContB_PFCd_1,17Networks_LH_ContB_PFCd_2,17Networks_LH_ContB_PFCl_1,17Networks_LH_ContB_PFClv_1,17Networks_LH_ContB_PFClv_2,17Networks_LH_ContB_PFClv_3,17Networks_LH_ContB_PFClv_4,17Networks_LH_ContB_PFCmp_1,17Networks_LH_ContC_pCun_1,17Networks_LH_ContC_pCun_2,17Networks_LH_ContC_pCun_3,17Networks_LH_ContC_pCun_4,17Networks_LH_ContC_Cingp_1,17Networks_LH_ContC_Cingp_2,17Networks_LH_DefaultA_IPL_1,17Networks_LH_DefaultA_IPL_2,17Networks_LH_DefaultA_IPL_3,17Networks_LH_DefaultA_IPL_4,17Networks_LH_DefaultA_PFCd_1,17Networks_LH_DefaultA_PFCd_2,17Networks_LH_DefaultA_PFCd_3,17Networks_LH_DefaultA_pCunPCC_1,17Networks_LH_DefaultA_pCunPCC_2,17Networks_LH_DefaultA_pCunPCC_3,17Networks_LH_DefaultA_pCunPCC_4,17Networks_LH_DefaultA_pCunPCC_5,17Networks_LH_DefaultA_pCunPCC_6,17Networks_LH_DefaultA_pCunPCC_7,17Networks_LH_DefaultA_pCunPCC_8,17Networks_LH_DefaultA_PFCm_1,17Networks_LH_DefaultA_PFCm_2,17Networks_LH_DefaultA_PFCm_3,17Networks_LH_DefaultA_PFCm_4,17Networks_LH_DefaultA_PFCm_5,17Networks_LH_DefaultA_PFCm_6,17Networks_LH_DefaultA_PFCm_7,17Networks_LH_DefaultB_Temp_1,17Networks_LH_DefaultB_Temp_2,17Networks_LH_DefaultB_Temp_3,17Networks_LH_DefaultB_Temp_4,17Networks_LH_DefaultB_Temp_5,17Networks_LH_DefaultB_Temp_6,17Networks_LH_DefaultB_IPL_1,17Networks_LH_DefaultB_IPL_2,17Networks_LH_DefaultB_PFCd_1,17Networks_LH_DefaultB_PFCd_2,17Networks_LH_DefaultB_PFCd_3,17Networks_LH_DefaultB_PFCd_4,17Networks_LH_DefaultB_PFCd_5,17Networks_LH_DefaultB_PFCd_6,17Networks_LH_DefaultB_PFCd_7,17Networks_LH_DefaultB_PFCl_1,17Networks_LH_DefaultB_PFCl_2,17Networks_LH_DefaultB_PFCv_1,17Networks_LH_DefaultB_PFCv_2,17Networks_LH_DefaultB_PFCv_3,17Networks_LH_DefaultB_PFCv_4,17Networks_LH_DefaultB_PFCv_5,17Networks_LH_DefaultB_PFCv_6,17Networks_LH_DefaultB_PFCv_7,17Networks_LH_DefaultB_PFCv_8,17Networks_LH_DefaultC_IPL_1,17Networks_LH_DefaultC_Rsp_1,17Networks_LH_DefaultC_Rsp_2,17Networks_LH_DefaultC_Rsp_3,17Networks_LH_DefaultC_Rsp_4,17Networks_LH_DefaultC_PHC_1,17Networks_LH_DefaultC_PHC_2,17Networks_LH_DefaultC_PHC_3,17Networks_LH_DefaultC_PHC_4,17Networks_LH_DefaultC_PHC_5,17Networks_LH_TempPar_1,17Networks_LH_TempPar_2,17Networks_LH_TempPar_3,17Networks_LH_TempPar_4,17Networks_LH_TempPar_5,17Networks_LH_TempPar_6,17Networks_LH_TempPar_7,17Networks_LH_TempPar_8,17Networks_LH_TempPar_9,17Networks_LH_TempPar_10,17Networks_RH_VisCent_Striate_1,17Networks_RH_VisCent_ExStr_1,17Networks_RH_VisCent_ExStr_2,17Networks_RH_VisCent_ExStr_3,17Networks_RH_VisCent_ExStr_4,17Networks_RH_VisCent_ExStr_5,17Networks_RH_VisCent_ExStr_6,17Networks_RH_VisCent_ExStr_7,17Networks_RH_VisCent_ExStr_8,17Networks_RH_VisCent_ExStr_9,17Networks_RH_VisCent_ExStr_10,17Networks_RH_VisCent_ExStr_11,17Networks_RH_VisCent_ExStr_12,17Networks_RH_VisCent_ExStr_13,17Networks_RH_VisCent_ExStr_14,17Networks_RH_VisCent_ExStr_15,17Networks_RH_VisCent_ExStr_16,17Networks_RH_VisPeri_StriCal_1,17Networks_RH_VisPeri_StriCal_2,17Networks_RH_VisPeri_StriCal_3,17Networks_RH_VisPeri_StriCal_4,17Networks_RH_VisPeri_ExStrInf_1,17Networks_RH_VisPeri_ExStrInf_2,17Networks_RH_VisPeri_ExStrInf_3,17Networks_RH_VisPeri_ExStrInf_4,17Networks_RH_VisPeri_ExStrInf_5,17Networks_RH_VisPeri_ExStrSup_1,17Networks_RH_VisPeri_ExStrSup_2,17Networks_RH_VisPeri_ExStrSup_3,17Networks_RH_SomMotA_1,17Networks_RH_SomMotA_2,17Networks_RH_SomMotA_3,17Networks_RH_SomMotA_4,17Networks_RH_SomMotA_5,17Networks_RH_SomMotA_6,17Networks_RH_SomMotA_7,17Networks_RH_SomMotA_8,17Networks_RH_SomMotA_9,17Networks_RH_SomMotA_10,17Networks_RH_SomMotA_11,17Networks_RH_SomMotA_12,17Networks_RH_SomMotA_13,17Networks_RH_SomMotA_14,17Networks_RH_SomMotA_15,17Networks_RH_SomMotA_16,17Networks_RH_SomMotA_17,17Networks_RH_SomMotA_18,17Networks_RH_SomMotA_19,17Networks_RH_SomMotA_20,17Networks_RH_SomMotA_21,17Networks_RH_SomMotA_22,17Networks_RH_SomMotA_23,17Networks_RH_SomMotA_24,17Networks_RH_SomMotA_25,17Networks_RH_SomMotA_26,17Networks_RH_SomMotB_Cent_1,17Networks_RH_SomMotB_Cent_2,17Networks_RH_SomMotB_Cent_3,17Networks_RH_SomMotB_Cent_4,17Networks_RH_SomMotB_Cent_5,17Networks_RH_SomMotB_S2_1,17Networks_RH_SomMotB_S2_2,17Networks_RH_SomMotB_S2_3,17Networks_RH_SomMotB_S2_4,17Networks_RH_SomMotB_S2_5,17Networks_RH_SomMotB_S2_6,17Networks_RH_SomMotB_S2_7,17Networks_RH_SomMotB_S2_8,17Networks_RH_SomMotB_Ins_1,17Networks_RH_SomMotB_Aud_1,17Networks_RH_SomMotB_Aud_2,17Networks_RH_SomMotB_Aud_3,17Networks_RH_DorsAttnA_TempOcc_1,17Networks_RH_DorsAttnA_TempOcc_2,17Networks_RH_DorsAttnA_ParOcc_1,17Networks_RH_DorsAttnA_ParOcc_2,17Networks_RH_DorsAttnA_ParOcc_3,17Networks_RH_DorsAttnA_SPL_1,17Networks_RH_DorsAttnA_SPL_2,17Networks_RH_DorsAttnA_SPL_3,17Networks_RH_DorsAttnA_SPL_4,17Networks_RH_DorsAttnA_SPL_5,17Networks_RH_DorsAttnA_SPL_6,17Networks_RH_DorsAttnA_SPL_7,17Networks_RH_DorsAttnA_SPL_8,17Networks_RH_DorsAttnB_TempOcc_1,17Networks_RH_DorsAttnB_PostC_1,17Networks_RH_DorsAttnB_PostC_2,17Networks_RH_DorsAttnB_PostC_3,17Networks_RH_DorsAttnB_PostC_4,17Networks_RH_DorsAttnB_PostC_5,17Networks_RH_DorsAttnB_PostC_6,17Networks_RH_DorsAttnB_PostC_7,17Networks_RH_DorsAttnB_PostC_8,17Networks_RH_DorsAttnB_PostC_9,17Networks_RH_DorsAttnB_PostC_10,17Networks_RH_DorsAttnB_PostC_11,17Networks_RH_DorsAttnB_FEF_1,17Networks_RH_DorsAttnB_FEF_2,17Networks_RH_DorsAttnB_FEF_3,17Networks_RH_DorsAttnB_FEF_4,17Networks_RH_DorsAttnB_PrCv_1,17Networks_RH_SalVentAttnA_ParOper_1,17Networks_RH_SalVentAttnA_ParOper_2,17Networks_RH_SalVentAttnA_ParOper_3,17Networks_RH_SalVentAttnA_ParOper_4,17Networks_RH_SalVentAttnA_PrC_1,17Networks_RH_SalVentAttnA_FrOper_1,17Networks_RH_SalVentAttnA_FrOper_2,17Networks_RH_SalVentAttnA_FrOper_3,17Networks_RH_SalVentAttnA_Ins_1,17Networks_RH_SalVentAttnA_Ins_2,17Networks_RH_SalVentAttnA_Ins_3,17Networks_RH_SalVentAttnA_Ins_4,17Networks_RH_SalVentAttnA_ParMed_1,17Networks_RH_SalVentAttnA_ParMed_2,17Networks_RH_SalVentAttnA_ParMed_3,17Networks_RH_SalVentAttnA_ParMed_4,17Networks_RH_SalVentAttnA_ParMed_5,17Networks_RH_SalVentAttnA_FrMed_1,17Networks_RH_SalVentAttnA_FrMed_2,17Networks_RH_SalVentAttnA_FrMed_3,17Networks_RH_SalVentAttnA_FrMed_4,17Networks_RH_SalVentAttnB_IPL_1,17Networks_RH_SalVentAttnB_IPL_2,17Networks_RH_SalVentAttnB_IPL_3,17Networks_RH_SalVentAttnB_PFCd_1,17Networks_RH_SalVentAttnB_PFCl_1,17Networks_RH_SalVentAttnB_PFCl_2,17Networks_RH_SalVentAttnB_PFCl_3,17Networks_RH_SalVentAttnB_PFCl_4,17Networks_RH_SalVentAttnB_PFClv_1,17Networks_RH_SalVentAttnB_Ins_1,17Networks_RH_SalVentAttnB_Ins_2,17Networks_RH_SalVentAttnB_Ins_3,17Networks_RH_SalVentAttnB_Ins_4,17Networks_RH_SalVentAttnB_PFCmp_1,17Networks_RH_SalVentAttnB_PFCmp_2,17Networks_RH_SalVentAttnB_PFCmp_3,17Networks_RH_SalVentAttnB_Cinga_1,17Networks_RH_LimbicB_OFC_1,17Networks_RH_LimbicB_OFC_2,17Networks_RH_LimbicB_OFC_3,17Networks_RH_LimbicB_OFC_4,17Networks_RH_LimbicB_OFC_5,17Networks_RH_LimbicB_OFC_6,17Networks_RH_LimbicB_OFC_7,17Networks_RH_LimbicA_TempPole_1,17Networks_RH_LimbicA_TempPole_2,17Networks_RH_LimbicA_TempPole_3,17Networks_RH_LimbicA_TempPole_4,17Networks_RH_LimbicA_TempPole_5,17Networks_RH_LimbicA_TempPole_6,17Networks_RH_LimbicA_TempPole_7,17Networks_RH_LimbicA_TempPole_8,17Networks_RH_LimbicA_TempPole_9,17Networks_RH_ContA_IPS_1,17Networks_RH_ContA_IPS_2,17Networks_RH_ContA_IPS_3,17Networks_RH_ContA_IPS_4,17Networks_RH_ContA_PFCd_1,17Networks_RH_ContA_PFCl_1,17Networks_RH_ContA_PFCl_2,17Networks_RH_ContA_PFCl_3,17Networks_RH_ContA_PFCl_4,17Networks_RH_ContA_PFCl_5,17Networks_RH_ContA_PFCl_6,17Networks_RH_ContA_PFCl_7,17Networks_RH_ContA_Cingm_1,17Networks_RH_ContB_Temp_1,17Networks_RH_ContB_Temp_2,17Networks_RH_ContB_Temp_3,17Networks_RH_ContB_IPL_1,17Networks_RH_ContB_IPL_2,17Networks_RH_ContB_IPL_3,17Networks_RH_ContB_IPL_4,17Networks_RH_ContB_IPL_5,17Networks_RH_ContB_PFCld_1,17Networks_RH_ContB_PFCld_2,17Networks_RH_ContB_PFCld_3,17Networks_RH_ContB_PFCld_4,17Networks_RH_ContB_PFCld_5,17Networks_RH_ContB_PFCld_6,17Networks_RH_ContB_PFClv_1,17Networks_RH_ContB_PFClv_2,17Networks_RH_ContB_PFClv_3,17Networks_RH_ContB_PFClv_4,17Networks_RH_ContB_PFClv_5,17Networks_RH_ContB_PFCmp_1,17Networks_RH_ContB_PFCmp_2,17Networks_RH_ContC_pCun_1,17Networks_RH_ContC_pCun_2,17Networks_RH_ContC_pCun_3,17Networks_RH_ContC_pCun_4,17Networks_RH_ContC_pCun_5,17Networks_RH_ContC_pCun_6,17Networks_RH_ContC_Cingp_1,17Networks_RH_ContC_Cingp_2,17Networks_RH_ContC_Cingp_3,17Networks_RH_DefaultA_Temp_1,17Networks_RH_DefaultA_IPL_1,17Networks_RH_DefaultA_IPL_2,17Networks_RH_DefaultA_IPL_3,17Networks_RH_DefaultA_PFCd_1,17Networks_RH_DefaultA_PFCd_2,17Networks_RH_DefaultA_PFCd_3,17Networks_RH_DefaultA_pCunPCC_1,17Networks_RH_DefaultA_pCunPCC_2,17Networks_RH_DefaultA_pCunPCC_3,17Networks_RH_DefaultA_pCunPCC_4,17Networks_RH_DefaultA_pCunPCC_5,17Networks_RH_DefaultA_pCunPCC_6,17Networks_RH_DefaultA_pCunPCC_7,17Networks_RH_DefaultA_PFCm_1,17Networks_RH_DefaultA_PFCm_2,17Networks_RH_DefaultA_PFCm_3,17Networks_RH_DefaultA_PFCm_4,17Networks_RH_DefaultA_PFCm_5,17Networks_RH_DefaultA_PFCm_6,17Networks_RH_DefaultA_PFCm_7,17Networks_RH_DefaultB_Temp_1,17Networks_RH_DefaultB_Temp_2,17Networks_RH_DefaultB_AntTemp_1,17Networks_RH_DefaultB_AntTemp_2,17Networks_RH_DefaultB_PFCd_1,17Networks_RH_DefaultB_PFCd_2,17Networks_RH_DefaultB_PFCd_3,17Networks_RH_DefaultB_PFCd_4,17Networks_RH_DefaultB_PFCd_5,17Networks_RH_DefaultB_PFCv_1,17Networks_RH_DefaultB_PFCv_2,17Networks_RH_DefaultB_PFCv_3,17Networks_RH_DefaultC_IPL_1,17Networks_RH_DefaultC_Rsp_1,17Networks_RH_DefaultC_Rsp_2,17Networks_RH_DefaultC_PHC_1,17Networks_RH_DefaultC_PHC_2,17Networks_RH_DefaultC_PHC_3,17Networks_RH_TempPar_1,17Networks_RH_TempPar_2,17Networks_RH_TempPar_3,17Networks_RH_TempPar_4,17Networks_RH_TempPar_5,17Networks_RH_TempPar_6,17Networks_RH_TempPar_7,17Networks_RH_TempPar_8,17Networks_RH_TempPar_9,17Networks_RH_TempPar_10,17Networks_RH_TempPar_11,17Networks_RH_TempPar_12,gene
NA,NA,NA,0.3899426053355587,NA,NA,NA,NA,NA,NA,NA,NA,NA,NA,NA,NA,0,NA,0,0,0.09573745448326904,0,NA,NA,NA,NA,NA,0.0576071537277025,NA,NA,NA,0,NA,NA,0,0,NA,0,0,0,NA,NA,0,NA,NA,NA,NA,NA,NA,NA,0,NA,NA,0,0,0,NA,0,NA,NA,0.2734896626999895,NA,NA,NA,NA,NA,NA,0.05710657155839766,0,0.149765986522994,NA,NA,NA,NA,0.689089740826054,0.3193565579175294,0.5921601468279843,0.255592200178709,0.01977291006626225,NA,NA,NA,0,NA,0.174735324465617,NA,0.333988636448309,NA,0.5358773313700677,NA,NA,NA,0,0.22871917270676098,0.527601423718917,NA,0.202655293705679,NA,NA,NA,NA,NA,NA,NA,0.089657986804414,0.170313906052682,NA,NA,0.2712602445152945,0.519386998742321,NA,0.860228607460928,NA,0.265227259794063,NA,0,0.0012854221833264066,0.25482048945291,NA,NA,NA,NA,NA,0.244445451488418,NA,NA,NA,NA,0,NA,0,NA,0.38749030928331624,0.0431568150609644,0.682084110370721,0,0,NA,NA,NA,NA,NA,NA,0.36646803148969154,NA,0.643099509564568,0.537563627623581,0.0828185736727925,0.00447877751905745,NA,0.375712102922326,NA,0.410442831067718,0.750638396849743,NA,NA,NA,0,NA,NA,NA,NA,NA,0,0.333051726923313,0,0.14253041387594684,NA,NA,0.126285147233216,NA,0.0609160818079817,0.0560505926149899,NA,0,NA,0,0.41186378197693,NA,0.21043080055195101,NA,NA,NA,0.0482133248371172,NA,0,NA,NA,NA,0.092667650863602,NA,0,0,0.7306743940708947,NA,NA,NA,0.029557709892614,NA,0.05290114233062025,NA,NA,NA,NA,NA,0,0.4310515943884045,0.0883274850043075,0.0178551910633851,NA,NA,0.4790021677225597,NA,NA,NA,NA,0.0596274983881118,0.605897803604068,0,0,0.248984686873147,NA,NA,NA,NA,0.0470650947117945,NA,0.267454644860526,NA,0,NA,NA,0.276992709569943,0.4953148862102675,NA,0.446873949880241,NA,0.15265463579399,NA,NA,NA,NA,0.3729456517497983,0,0.367583231996697,0.19205166402769933,NA,NA,NA,0.563244311967409,NA,NA,NA,NA,NA,NA,NA,NA,NA,NA,NA,NA,NA,NA,NA,NA,NA,NA,NA,NA,NA,NA,NA,NA,NA,NA,NA,NA,NA,NA,NA,NA,NA,NA,NA,NA,NA,NA,NA,NA,NA,NA,NA,NA,NA,NA,NA,NA,NA,NA,NA,NA,NA,NA,NA,NA,NA,NA,NA,NA,NA,NA,NA,NA,NA,NA,NA,NA,NA,NA,NA,NA,NA,NA,NA,NA,NA,NA,NA,NA,NA,NA,NA,NA,NA,NA,NA,NA,NA,NA,NA,NA,NA,NA,NA,NA,NA,NA,NA,NA,NA,NA,NA,NA,NA,NA,NA,NA,NA,NA,NA,NA,NA,NA,NA,NA,NA,NA,NA,NA,NA,NA,NA,NA,NA,NA,NA,NA,NA,NA,NA,NA,NA,NA,NA,NA,NA,NA,NA,NA,NA,NA,NA,NA,NA,NA,NA,NA,NA,NA,NA,NA,NA,NA,NA,NA,NA,NA,NA,NA,NA,NA,NA,NA,NA,NA,NA,NA,NA,NA,NA,NA,NA,NA,NA,NA,NA,NA,NA,NA,NA,NA,NA,NA,NA,NA,NA,NA,NA,NA,NA,NA,NA,NA,NA,NA,NA,NA,NA,NA,NA,NA,NA,NA,NA,NA,NA,NA,NA,NA,NA,NA,NA,NA,NA,NA,NA,NA,NA,NA,NA,NA,NA,NA,NA,NA,NA,NA,NA,NA,NA,NA,NA,NA,NA,NA,NA,NA,NA,NA,NA,NA,NA,NA,NA,NA,NA,NA,NA,NA,DFC_Ex1
NA,NA,NA,0.08503225054844356,NA,NA,NA,NA,NA,NA,NA,NA,NA,NA,NA,NA,0.424677003900394,NA,0.21924754363631851,0.0276069884621079,0.17310174295926037,0.0774447512045075,NA,NA,NA,NA,NA,0.06991425942669445,NA,NA,NA,0.184556760762697,NA,NA,0.395708752612205,0.08801668985494006,NA,0.12960358721899834,0.290257143374278,0.229180429305,NA,NA,0.109515246878181,NA,NA,NA,NA,NA,NA,NA,0.0133715272181608,NA,NA,0.399170110652482,0.12294396050133725,0.236584203344255,NA,0.210674719602391,NA,NA,0.07405891089603425,NA,NA,NA,NA,NA,NA,0.007275509116714767,0.388464869098619,0,NA,NA,NA,NA,0,0,0.10295095251737603,0,0.1133933889960093,NA,NA,NA,0.106128690111669,NA,0.183708593147253,NA,0.153258379520309,NA,0.06879050594434456,NA,NA,NA,0,0.080711803485106,0,NA,0.273097367741174,NA,NA,NA,NA,NA,NA,NA,0,0,NA,NA,0,0.0593043566563477,NA,0.09026575115686,NA,0.102051067397311,NA,0.0871525290904341,0.037814480108948,0.18802520828470848,NA,NA,NA,NA,NA,0.05818254597065155,NA,NA,NA,NA,0,NA,0,NA,0.01929375387802875,0,0.025460570201170676,0.135357492040815,0,NA,NA,NA,NA,NA,NA,0.0316780148364775,NA,0,0,0,0.0393511840756307,NA,0.0956138264606316,NA,0,0.0241486832630407,NA,NA,NA,0.229987218702799,NA,NA,NA,NA,NA,0.0897182641776105,0.104004667555308,0.648815772498886,0.033742865843047996,NA,NA,0.164597109520254,NA,0.305792326206572,0.0893274162354676,NA,0.063883619789312,NA,0.06323812318846722,0,NA,0.0646844502225062,NA,NA,NA,0.00434856832667117,NA,0,NA,NA,NA,0.09629772536622212,NA,0.302496765839738,0,0.0727440037907653,NA,NA,NA,0.125782703894667,NA,0,NA,NA,NA,NA,NA,0,0.1181308930812365,0,0,NA,NA,0.07471339389719697,NA,NA,NA,NA,0.11082182463034,0.060154098655483046,0.140703006034435,0.355415447732823,0.14958677212050236,NA,NA,NA,NA,0,NA,0.0710353521507239,NA,0.261298620865424,NA,NA,0.461576104975041,0.13502022120019647,NA,0,NA,0,NA,NA,NA,NA,0.025066233218619102,0,0.0866703874815515,0.00639521282958415,NA,NA,NA,0.103461730933256,NA,NA,NA,NA,NA,NA,NA,NA,NA,NA,NA,NA,NA,NA,NA,NA,NA,NA,NA,NA,NA,NA,NA,NA,NA,NA,NA,NA,NA,NA,NA,NA,NA,NA,NA,NA,NA,NA,NA,NA,NA,NA,NA,NA,NA,NA,NA,NA,NA,NA,NA,NA,NA,NA,NA,NA,NA,NA,NA,NA,NA,NA,NA,NA,NA,NA,NA,NA,NA,NA,NA,NA,NA,NA,NA,NA,NA,NA,NA,NA,NA,NA,NA,NA,NA,NA,NA,NA,NA,NA,NA,NA,NA,NA,NA,NA,NA,NA,NA,NA,NA,NA,NA,NA,NA,NA,NA,NA,NA,NA,NA,NA,NA,NA,NA,NA,NA,NA,NA,NA,NA,NA,NA,NA,NA,NA,NA,NA,NA,NA,NA,NA,NA,NA,NA,NA,NA,NA,NA,NA,NA,NA,NA,NA,NA,NA,NA,NA,NA,NA,NA,NA,NA,NA,NA,NA,NA,NA,NA,NA,NA,NA,NA,NA,NA,NA,NA,NA,NA,NA,NA,NA,NA,NA,NA,NA,NA,NA,NA,NA,NA,NA,NA,NA,NA,NA,NA,NA,NA,NA,NA,NA,NA,NA,NA,NA,NA,NA,NA,NA,NA,NA,NA,NA,NA,NA,NA,NA,NA,NA,NA,NA,NA,NA,NA,NA,NA,NA,NA,NA,NA,NA,NA,NA,NA,NA,NA,NA,NA,NA,NA,NA,NA,NA,NA,NA,NA,NA,NA,NA,NA,NA,NA,NA,NA,NA,NA,NA,NA,NA,DFC_Ex2
NA,NA,NA,0,NA,NA,NA,NA,NA,NA,NA,NA,NA,NA,NA,NA,0,NA,0,0,0.015676734434713433,0,NA,NA,NA,NA,NA,0,NA,NA,NA,0.206711986214614,NA,NA,0.269192614542664,0.04169439354746297,NA,0.24451329125102153,0.167826416103003,0,NA,NA,0.173076835118773,NA,NA,NA,NA,NA,NA,NA,0.4964150071872975,NA,NA,0.122499167997561,0.2778117548656655,0.163690909762953,NA,0.21947896156914,NA,NA,0.11665778400514135,NA,NA,NA,NA,NA,NA,0.358131006668985,0.351603043207624,0,NA,NA,NA,NA,0,0,0,0,0,NA,NA,NA,0,NA,0,NA,0.103982336737892,NA,0.04574777182914233,NA,NA,NA,0,0,0.161393398669829,NA,0.0259790586481779,NA,NA,NA,NA,NA,NA,NA,0.2064240136755095,0.385625747641416,NA,NA,0.1562674513174525,0.0740882740229665,NA,0,NA,0,NA,0.186505521134082,0.09980575380634966,0.10867182151764236,NA,NA,NA,NA,NA,0.20861653501635116,NA,NA,NA,NA,0,NA,0.0765248189264693,NA,0.0856329401617625,0.380942634479277,0.261261123925569,0.27522217070712,0.217407944656685,NA,NA,NA,NA,NA,NA,0.122509685108454,NA,0.14652937743423,0.195277526174099,0.17145879533192937,0,NA,0,NA,0,0,NA,NA,NA,0.0482127963510075,NA,NA,NA,NA,NA,0,0.334043301082487,0.100860268421541,0.031138311122231834,NA,NA,0.190906122827137,NA,0.245277641248945,0.293066749129688,NA,0.1775638745368815,NA,0.1809449658946095,0.0332938803833725,NA,0.334063833015687,NA,NA,NA,0,NA,0,NA,NA,NA,0.20617998971061824,NA,0,0,0,NA,NA,NA,0,NA,0.031441397187164,NA,NA,NA,NA,NA,0.11734514178342599,0,0.119965149441488,0.151524770036078,NA,NA,0.018575660023658697,NA,NA,NA,NA,0.367446176313516,0.1307981662698925,0.29495608560679,0.0939729847865844,0.1216371253577645,NA,NA,NA,NA,0.351342628704921,NA,0.240587221301538,NA,0.157852562550382,NA,NA,0,0.0162019584404644,NA,0.070462519874098,NA,0,NA,NA,NA,NA,0.22343823243018707,0,0.103555446610755,0.0574147149165975,NA,NA,NA,0.106886657422836,NA,NA,NA,NA,NA,NA,NA,NA,NA,NA,NA,NA,NA,NA,NA,NA,NA,NA,NA,NA,NA,NA,NA,NA,NA,NA,NA,NA,NA,NA,NA,NA,NA,NA,NA,NA,NA,NA,NA,NA,NA,NA,NA,NA,NA,NA,NA,NA,NA,NA,NA,NA,NA,NA,NA,NA,NA,NA,NA,NA,NA,NA,NA,NA,NA,NA,NA,NA,NA,NA,NA,NA,NA,NA,NA,NA,NA,NA,NA,NA,NA,NA,NA,NA,NA,NA,NA,NA,NA,NA,NA,NA,NA,NA,NA,NA,NA,NA,NA,NA,NA,NA,NA,NA,NA,NA,NA,NA,NA,NA,NA,NA,NA,NA,NA,NA,NA,NA,NA,NA,NA,NA,NA,NA,NA,NA,NA,NA,NA,NA,NA,NA,NA,NA,NA,NA,NA,NA,NA,NA,NA,NA,NA,NA,NA,NA,NA,NA,NA,NA,NA,NA,NA,NA,NA,NA,NA,NA,NA,NA,NA,NA,NA,NA,NA,NA,NA,NA,NA,NA,NA,NA,NA,NA,NA,NA,NA,NA,NA,NA,NA,NA,NA,NA,NA,NA,NA,NA,NA,NA,NA,NA,NA,NA,NA,NA,NA,NA,NA,NA,NA,NA,NA,NA,NA,NA,NA,NA,NA,NA,NA,NA,NA,NA,NA,NA,NA,NA,NA,NA,NA,NA,NA,NA,NA,NA,NA,NA,NA,NA,NA,NA,NA,NA,NA,NA,NA,NA,NA,NA,NA,NA,NA,NA,NA,NA,NA,NA,NA,NA,DFC_Ex3
NA,NA,NA,0.23301377668581,NA,NA,NA,NA,NA,NA,NA,NA,NA,NA,NA,NA,0.441062045029736,NA,0.25984438517602204,0.0103557337545284,0.21100957392999167,0.130810807789129,NA,NA,NA,NA,NA,0.07945143564095306,NA,NA,NA,0.3100331014430955,NA,NA,0.0322022715938114,0,NA,0,0.167489255548051,0.239372332254542,NA,NA,0,NA,NA,NA,NA,NA,NA,NA,0,NA,NA,0.265406817876152,0.087606284827306,0,NA,0.186596266722982,NA,NA,0.2655869803617005,NA,NA,NA,NA,NA,NA,0.1689679293166244,0,0.109932863327407,NA,NA,NA,NA,0.0995921913040611,0.11239743375360102,0.18948290047810445,0.203112888648263,0.2452393450803885,NA,NA,NA,0.435195179187374,NA,0.0502655869210755,NA,0.13427890041025,NA,0.20160303673876404,NA,NA,NA,0.112909702600086,0.071430116657479,0,NA,0.415298945159027,NA,NA,NA,NA,NA,NA,NA,0,0,NA,NA,0.0514966360706242,0.00345956269546112,NA,0.117404092942852,NA,0.344645255600013,NA,0.325801107222164,9.892039471019634e-4,0,NA,NA,NA,NA,NA,0.04883436926654995,NA,NA,NA,NA,0,NA,0,NA,0.031453197921464573,0,0.07331625664681,0.25113843143122,0,NA,NA,NA,NA,NA,NA,0.228860178283934,NA,0.136979102517084,0,0,0.317907110271466,NA,0,NA,0,0.0993633900454924,NA,NA,NA,0,NA,NA,NA,NA,NA,0,0.0620554162984676,0,0.19061541504328533,NA,NA,0,NA,0.238784628454569,0.037508922988841203,NA,0,NA,0.061875918091563,0.224100358895367,NA,0.183988865773402,NA,NA,NA,0.236890449064253,NA,0.22613527903061,NA,NA,NA,0,NA,0.391228019621644,0.0250417957647115,0.1038132562150291,NA,NA,NA,0,NA,0,NA,NA,NA,NA,NA,0,0.1129838379123715,0.293171015408162,0,NA,NA,0.21018186204972808,NA,NA,NA,NA,0.0306825327229002,0.01561918194652825,0,0,0,NA,NA,NA,NA,0.0657552604637517,NA,0.103276038631257,NA,0,NA,NA,0,0.31618530793037247,NA,0.162994156979001,NA,0.038312199174394,NA,NA,NA,NA,0.2617866840603653,0,0.234290754941994,0.20611295326339,NA,NA,NA,0.28144342624428,NA,NA,NA,NA,NA,NA,NA,NA,NA,NA,NA,NA,NA,NA,NA,NA,NA,NA,NA,NA,NA,NA,NA,NA,NA,NA,NA,NA,NA,NA,NA,NA,NA,NA,NA,NA,NA,NA,NA,NA,NA,NA,NA,NA,NA,NA,NA,NA,NA,NA,NA,NA,NA,NA,NA,NA,NA,NA,NA,NA,NA,NA,NA,NA,NA,NA,NA,NA,NA,NA,NA,NA,NA,NA,NA,NA,NA,NA,NA,NA,NA,NA,NA,NA,NA,NA,NA,NA,NA,NA,NA,NA,NA,NA,NA,NA,NA,NA,NA,NA,NA,NA,NA,NA,NA,NA,NA,NA,NA,NA,NA,NA,NA,NA,NA,NA,NA,NA,NA,NA,NA,NA,NA,NA,NA,NA,NA,NA,NA,NA,NA,NA,NA,NA,NA,NA,NA,NA,NA,NA,NA,NA,NA,NA,NA,NA,NA,NA,NA,NA,NA,NA,NA,NA,NA,NA,NA,NA,NA,NA,NA,NA,NA,NA,NA,NA,NA,NA,NA,NA,NA,NA,NA,NA,NA,NA,NA,NA,NA,NA,NA,NA,NA,NA,NA,NA,NA,NA,NA,NA,NA,NA,NA,NA,NA,NA,NA,NA,NA,NA,NA,NA,NA,NA,NA,NA,NA,NA,NA,NA,NA,NA,NA,NA,NA,NA,NA,NA,NA,NA,NA,NA,NA,NA,NA,NA,NA,NA,NA,NA,NA,NA,NA,NA,NA,NA,NA,NA,NA,NA,NA,NA,NA,NA,NA,NA,NA,NA,NA,NA,DFC_Ex4
NA,NA,NA,0.12937603127179897,NA,NA,NA,NA,NA,NA,NA,NA,NA,NA,NA,NA,0,NA,0,0,0.21401827799252698,0.00153119541938072,NA,NA,NA,NA,NA,0,NA,NA,NA,0.068066259934524,NA,NA,0,0.0598110371536942,NA,0.08673226885207767,0,0.23382562524894,NA,NA,0.417611607266356,NA,NA,NA,NA,NA,NA,NA,0.01210731739684565,NA,NA,0,0.02767960247417125,0,NA,0,NA,NA,0.0538096767390805,NA,NA,NA,NA,NA,NA,0.12583595885786467,0,0.121032589252025,NA,NA,NA,NA,0.0185256550884089,0.20481230122646876,0.0523139355525843,0,0.11447281637902056,NA,NA,NA,0,NA,0.1655144826283465,NA,0,NA,0.07333919517712427,NA,NA,NA,0,0,0,NA,0,NA,NA,NA,NA,NA,NA,NA,0.14881611416337,0.378259718746828,NA,NA,0.14948251407736798,0,NA,0,NA,0.203395980028568,NA,0.313701760301905,0.5115103803487283,0.1306127277965286,NA,NA,NA,NA,NA,0.12566886153817056,NA,NA,NA,NA,0,NA,0.491995043734588,NA,0.09361603082501482,0.0505980552527572,0.021710293157459534,0.00879257790761261,0,NA,NA,NA,NA,NA,NA,0.10884129528630646,NA,0.0309230233949482,0,0.226848162020331,0.298779537088894,NA,0,NA,0,0,NA,NA,NA,0.026292783958158,NA,NA,NA,NA,NA,0.108371099285665,0,0.16730556455857,0.189599286259524,NA,NA,0.021656068777486,NA,0.0720359907935798,0.034393200957047,NA,0,NA,0.2997589443271935,0,NA,0,NA,NA,NA,0.688655372239459,NA,0,NA,NA,NA,0.14659359762642798,NA,0.13687631830237,0.1079982148090525,0.07255958597129833,NA,NA,NA,0.139892745636078,NA,0,NA,NA,NA,NA,NA,0,0.0165677979932966,0.4389712696090985,0.384321798213545,NA,NA,0.089944258281786,NA,NA,NA,NA,0.200711588378479,0.00481281250667891,0,0.183867587079032,0,NA,NA,NA,NA,0.107956356526447,NA,0,NA,0.0391730209875489,NA,NA,0,0.204440582738744,NA,0.277593707353758,NA,0.313798176644045,NA,NA,NA,NA,0.08809790838148664,0.479767090739769,0.0137141904229864,0.06932260333010974,NA,NA,NA,0,NA,NA,NA,NA,NA,NA,NA,NA,NA,NA,NA,NA,NA,NA,NA,NA,NA,NA,NA,NA,NA,NA,NA,NA,NA,NA,NA,NA,NA,NA,NA,NA,NA,NA,NA,NA,NA,NA,NA,NA,NA,NA,NA,NA,NA,NA,NA,NA,NA,NA,NA,NA,NA,NA,NA,NA,NA,NA,NA,NA,NA,NA,NA,NA,NA,NA,NA,NA,NA,NA,NA,NA,NA,NA,NA,NA,NA,NA,NA,NA,NA,NA,NA,NA,NA,NA,NA,NA,NA,NA,NA,NA,NA,NA,NA,NA,NA,NA,NA,NA,NA,NA,NA,NA,NA,NA,NA,NA,NA,NA,NA,NA,NA,NA,NA,NA,NA,NA,NA,NA,NA,NA,NA,NA,NA,NA,NA,NA,NA,NA,NA,NA,NA,NA,NA,NA,NA,NA,NA,NA,NA,NA,NA,NA,NA,NA,NA,NA,NA,NA,NA,NA,NA,NA,NA,NA,NA,NA,NA,NA,NA,NA,NA,NA,NA,NA,NA,NA,NA,NA,NA,NA,NA,NA,NA,NA,NA,NA,NA,NA,NA,NA,NA,NA,NA,NA,NA,NA,NA,NA,NA,NA,NA,NA,NA,NA,NA,NA,NA,NA,NA,NA,NA,NA,NA,NA,NA,NA,NA,NA,NA,NA,NA,NA,NA,NA,NA,NA,NA,NA,NA,NA,NA,NA,NA,NA,NA,NA,NA,NA,NA,NA,NA,NA,NA,NA,NA,NA,NA,NA,NA,NA,NA,NA,NA,NA,NA,NA,NA,NA,DFC_Ex5
NA,NA,NA,0.07273507814813826,NA,NA,NA,NA,NA,NA,NA,NA,NA,NA,NA,NA,0.100139412121934,NA,0.0261961029986723,0.0609943166525746,0.0461246218446654,0,NA,NA,NA,NA,NA,0.001616289464675725,NA,NA,NA,0,NA,NA,0,0,NA,0.04122449644923447,0.0449366799821277,0.108803778046677,NA,NA,0.0976754159226817,NA,NA,NA,NA,NA,NA,NA,0.0245655266163447,NA,NA,0,0,0,NA,0,NA,NA,0.0195606783741705,NA,NA,NA,NA,NA,NA,0.03402013249369867,0,0.167876214870535,NA,NA,NA,NA,0.0611446221650336,0.11941306245060157,0.0043790776974009,0.00298950705234016,0,NA,NA,NA,0,NA,0,NA,0,NA,0.031534930348104735,NA,NA,NA,0,0,0,NA,0,NA,NA,NA,NA,NA,NA,NA,0.007055245369995,0,NA,NA,0.161504819207396,0.196813355109701,NA,0.0350555825606991,NA,0.0457729103650191,NA,0.0209779498438464,0.330666876662427,0.1801013979317295,NA,NA,NA,NA,NA,0.076267072719875,NA,NA,NA,NA,0,NA,0.312201247399989,NA,0.018680738451569725,0.014050141704514,0,0.0802412445544491,0.38285072066044,NA,NA,NA,NA,NA,NA,0.0282372777131484,NA,0.0243294669169874,0,0.1290780639182214,0.097924153677937,NA,0,NA,0,0,NA,NA,NA,0,NA,NA,NA,NA,NA,0,0,0.128872726304989,0.0088193850504148,NA,NA,0,NA,0.0282585580937331,0.0335210978263982,NA,0,NA,0.341336308563294,0,NA,0,NA,NA,NA,0.308503421135059,NA,0,NA,NA,NA,0.0618377267315146,NA,0.128486645807229,0.02702311769162035,0.01981950448756833,NA,NA,NA,0,NA,0.00571673626178345,NA,NA,NA,NA,NA,0,0,0.165995344965819,0,NA,NA,0,NA,NA,NA,NA,0.13562780841535,0,0,0,0,NA,NA,NA,NA,0.0665060621391542,NA,0,NA,0.0546842725142554,NA,NA,0.0304133690773436,0.04947072242634755,NA,0.18833120864918,NA,0.174998591773699,NA,NA,NA,NA,0.07819639806536353,0.106758932181478,0,0.017244487305090234,NA,NA,NA,0,NA,NA,NA,NA,NA,NA,NA,NA,NA,NA,NA,NA,NA,NA,NA,NA,NA,NA,NA,NA,NA,NA,NA,NA,NA,NA,NA,NA,NA,NA,NA,NA,NA,NA,NA,NA,NA,NA,NA,NA,NA,NA,NA,NA,NA,NA,NA,NA,NA,NA,NA,NA,NA,NA,NA,NA,NA,NA,NA,NA,NA,NA,NA,NA,NA,NA,NA,NA,NA,NA,NA,NA,NA,NA,NA,NA,NA,NA,NA,NA,NA,NA,NA,NA,NA,NA,NA,NA,NA,NA,NA,NA,NA,NA,NA,NA,NA,NA,NA,NA,NA,NA,NA,NA,NA,NA,NA,NA,NA,NA,NA,NA,NA,NA,NA,NA,NA,NA,NA,NA,NA,NA,NA,NA,NA,NA,NA,NA,NA,NA,NA,NA,NA,NA,NA,NA,NA,NA,NA,NA,NA,NA,NA,NA,NA,NA,NA,NA,NA,NA,NA,NA,NA,NA,NA,NA,NA,NA,NA,NA,NA,NA,NA,NA,NA,NA,NA,NA,NA,NA,NA,NA,NA,NA,NA,NA,NA,NA,NA,NA,NA,NA,NA,NA,NA,NA,NA,NA,NA,NA,NA,NA,NA,NA,NA,NA,NA,NA,NA,NA,NA,NA,NA,NA,NA,NA,NA,NA,NA,NA,NA,NA,NA,NA,NA,NA,NA,NA,NA,NA,NA,NA,NA,NA,NA,NA,NA,NA,NA,NA,NA,NA,NA,NA,NA,NA,NA,NA,NA,NA,NA,NA,NA,NA,NA,NA,NA,NA,NA,NA,DFC_Ex6
NA,NA,NA,0,NA,NA,NA,NA,NA,NA,NA,NA,NA,NA,NA,NA,0,NA,0.0453849150384917,0,0.006377628117517433,0,NA,NA,NA,NA,NA,0,NA,NA,NA,0,NA,NA,0,0.007325826764753567,NA,0.041191288652082665,0.0744229491663259,0,NA,NA,0.0198907262952716,NA,NA,NA,NA,NA,NA,NA,0,NA,NA,0,0.03240742970898715,0,NA,0,NA,NA,0.023557818215829383,NA,NA,NA,NA,NA,NA,0.03462569575463223,0.400877609633252,0.136490525705021,NA,NA,NA,NA,0,0,0.011632935147922666,0,0,NA,NA,NA,0,NA,0,NA,0.00749833088394532,NA,0.017083973557006468,NA,NA,NA,0,0,0.186416626736465,NA,0,NA,NA,NA,NA,NA,NA,NA,0.3195484387306915,0.106539999279694,NA,NA,0.2289766427460145,0.246988813802922,NA,0.0244086724902955,NA,0,NA,0.0174871811188408,0.12466721199119633,0.07669648869391615,NA,NA,NA,NA,NA,0.1118068931144102,NA,NA,NA,NA,0,NA,0.15049669959673,NA,0.0367802655635188,0.220427594214432,0.018774231355212685,0.0640857282970659,0.149388602962924,NA,NA,NA,NA,NA,NA,0.0657782897197342,NA,0.0302749179811301,0.0198498036141592,0.166637906403823,0.0232862453411949,NA,0,NA,0,0,NA,NA,NA,0,NA,NA,NA,NA,NA,0,0.0278609046405209,0.040613110807261,0.07475643658956001,NA,NA,0.0284660416716384,NA,0.054414562730566,0.0723813228139236,NA,0.03323138105481728,NA,0.17074526687553399,0,NA,0.0316726216205863,NA,NA,NA,0,NA,0,NA,NA,NA,0.12062475857857399,NA,0,0,0,NA,NA,NA,0.0052756404858562,NA,0.005422005310286925,NA,NA,NA,NA,NA,0.05200070363533113,0,0.2254678634741651,0.198838092927716,NA,NA,0.004080122283436675,NA,NA,NA,NA,0.0525118050009848,0,0,0,0.0385979980233232,NA,NA,NA,NA,0.131690482460997,NA,0.0343920868555828,NA,0.0648788548875285,NA,NA,0,0.02036260965406235,NA,0,NA,0,NA,NA,NA,NA,0.09328047215587904,0,0.0369210685629235,0,NA,NA,NA,0.0460105194171442,NA,NA,NA,NA,NA,NA,NA,NA,NA,NA,NA,NA,NA,NA,NA,NA,NA,NA,NA,NA,NA,NA,NA,NA,NA,NA,NA,NA,NA,NA,NA,NA,NA,NA,NA,NA,NA,NA,NA,NA,NA,NA,NA,NA,NA,NA,NA,NA,NA,NA,NA,NA,NA,NA,NA,NA,NA,NA,NA,NA,NA,NA,NA,NA,NA,NA,NA,NA,NA,NA,NA,NA,NA,NA,NA,NA,NA,NA,NA,NA,NA,NA,NA,NA,NA,NA,NA,NA,NA,NA,NA,NA,NA,NA,NA,NA,NA,NA,NA,NA,NA,NA,NA,NA,NA,NA,NA,NA,NA,NA,NA,NA,NA,NA,NA,NA,NA,NA,NA,NA,NA,NA,NA,NA,NA,NA,NA,NA,NA,NA,NA,NA,NA,NA,NA,NA,NA,NA,NA,NA,NA,NA,NA,NA,NA,NA,NA,NA,NA,NA,NA,NA,NA,NA,NA,NA,NA,NA,NA,NA,NA,NA,NA,NA,NA,NA,NA,NA,NA,NA,NA,NA,NA,NA,NA,NA,NA,NA,NA,NA,NA,NA,NA,NA,NA,NA,NA,NA,NA,NA,NA,NA,NA,NA,NA,NA,NA,NA,NA,NA,NA,NA,NA,NA,NA,NA,NA,NA,NA,NA,NA,NA,NA,NA,NA,NA,NA,NA,NA,NA,NA,NA,NA,NA,NA,NA,NA,NA,NA,NA,NA,NA,NA,NA,NA,NA,NA,NA,NA,NA,NA,NA,NA,NA,NA,NA,NA,NA,NA,NA,DFC_Ex8
NA,NA,NA,0,NA,NA,NA,NA,NA,NA,NA,NA,NA,NA,NA,NA,0,NA,0,0,0.006634559124679866,0,NA,NA,NA,NA,NA,0,NA,NA,NA,0,NA,NA,0,0,NA,0,0,0,NA,NA,0,NA,NA,NA,NA,NA,NA,NA,6.19952209509405e-4,NA,NA,0,0.05505901321098395,0,NA,0,NA,NA,0,NA,NA,NA,NA,NA,NA,0.05235614801142797,0.0404020316846185,0,NA,NA,NA,NA,0,0.00986436533416485,4.1936405759999664e-4,0,0,NA,NA,NA,0,NA,0,NA,0,NA,0.0249420851884893,NA,NA,NA,0,0,0,NA,0,NA,NA,NA,NA,NA,NA,NA,0,0,NA,NA,0.038660735055013745,0.053236480955876,NA,0.0177049320800714,NA,0,NA,0,0.0078648460378204,0,NA,NA,NA,NA,NA,0.10624878347358516,NA,NA,NA,NA,0.0228636360313494,NA,0,NA,0.036689435639310944,0.204631028249528,0.12974706110981693,0.104234334463306,0.0684529685987094,NA,NA,NA,NA,NA,NA,0.01128120635151675,NA,0.0407732959134872,0.236143793745775,0.07163803577259945,0,NA,0,NA,0.0293623859775548,0,NA,NA,NA,0,NA,NA,NA,NA,NA,0,0.11827996057966,0,0.009234590950849133,NA,NA,0.0162358227370225,NA,0.0461083746895492,0.0556365140572138,NA,0.181627347425332,NA,0.01909352809708095,0,NA,0.0418519411398873,NA,NA,NA,0,NA,0,NA,NA,NA,0.0225628719541754,NA,0,0,0.019284771262231968,NA,NA,NA,0,NA,0.09011708261197098,NA,NA,NA,NA,NA,0.12849808667426799,0.02439382554051735,0.0135413504013447,0,NA,NA,0.004511008795322925,NA,NA,NA,NA,0.0516225189017557,0.056990489772337394,0.0437397426438028,0.0101978947077202,0.06385531406968155,NA,NA,NA,NA,0.0552102008975739,NA,0.0859610214731012,NA,0,NA,NA,0,0,NA,0,NA,0,NA,NA,NA,NA,0.012160820630901851,0,0.028589268414694,0,NA,NA,NA,0,NA,NA,NA,NA,NA,NA,NA,NA,NA,NA,NA,NA,NA,NA,NA,NA,NA,NA,NA,NA,NA,NA,NA,NA,NA,NA,NA,NA,NA,NA,NA,NA,NA,NA,NA,NA,NA,NA,NA,NA,NA,NA,NA,NA,NA,NA,NA,NA,NA,NA,NA,NA,NA,NA,NA,NA,NA,NA,NA,NA,NA,NA,NA,NA,NA,NA,NA,NA,NA,NA,NA,NA,NA,NA,NA,NA,NA,NA,NA,NA,NA,NA,NA,NA,NA,NA,NA,NA,NA,NA,NA,NA,NA,NA,NA,NA,NA,NA,NA,NA,NA,NA,NA,NA,NA,NA,NA,NA,NA,NA,NA,NA,NA,NA,NA,NA,NA,NA,NA,NA,NA,NA,NA,NA,NA,NA,NA,NA,NA,NA,NA,NA,NA,NA,NA,NA,NA,NA,NA,NA,NA,NA,NA,NA,NA,NA,NA,NA,NA,NA,NA,NA,NA,NA,NA,NA,NA,NA,NA,NA,NA,NA,NA,NA,NA,NA,NA,NA,NA,NA,NA,NA,NA,NA,NA,NA,NA,NA,NA,NA,NA,NA,NA,NA,NA,NA,NA,NA,NA,NA,NA,NA,NA,NA,NA,NA,NA,NA,NA,NA,NA,NA,NA,NA,NA,NA,NA,NA,NA,NA,NA,NA,NA,NA,NA,NA,NA,NA,NA,NA,NA,NA,NA,NA,NA,NA,NA,NA,NA,NA,NA,NA,NA,NA,NA,NA,NA,NA,NA,NA,NA,NA,NA,NA,NA,NA,NA,NA,NA,NA,DFC_In1
NA,NA,NA,0.06367918259587824,NA,NA,NA,NA,NA,NA,NA,NA,NA,NA,NA,NA,0.0915410723288518,NA,0.09546866256339925,0,0.013009914031900367,0.0445742251841958,NA,NA,NA,NA,NA,0.043605921612497094,NA,NA,NA,8.8512833575156e-4,NA,NA,0.00610135228340601,0,NA,0,0.0216409424650062,0,NA,NA,0,NA,NA,NA,NA,NA,NA,NA,0,NA,NA,0,0,0,NA,0,NA,NA,0.1075406075679225,NA,NA,NA,NA,NA,NA,0.009054931012977906,0,0.0381136882391355,NA,NA,NA,NA,0.0826013410642066,0.05915759437971153,0.0824528770968406,0,0.01696430983236145,NA,NA,NA,0.0814035440849084,NA,0.01687333307542635,NA,0,NA,0.061856667399953436,NA,NA,NA,0.125792090951908,0.03138413964523425,0,NA,0.0340056249588671,NA,NA,NA,NA,NA,NA,NA,0.01035434284713025,0.0197007421121535,NA,NA,0.03972507351904875,0.0256591207078186,NA,0.0454581714579137,NA,0,NA,0.00398671778490989,0.024047022184981726,0.0376809557439533,NA,NA,NA,NA,NA,0,NA,NA,NA,NA,0,NA,0,NA,0.028761781706373727,0,0.005813892773846533,0,0.028229342143504,NA,NA,NA,NA,NA,NA,0.0514144302059907,NA,0.0529110603126011,0.0460402990128862,0.056616355314408603,0,NA,0,NA,0,1.2567736885285e-4,NA,NA,NA,0,NA,NA,NA,NA,NA,0.0981837246834506,0,0.0129881200038813,0.08108534488682137,NA,NA,0,NA,0,0,NA,0,NA,0,0,NA,0,NA,NA,NA,0,NA,0,NA,NA,NA,0,NA,0.029213472763955,0,0.07801446251699924,NA,NA,NA,0,NA,0.024480479749524723,NA,NA,NA,NA,NA,0,0.1914330776157775,0.0096984908837264,0.0477771314648745,NA,NA,0.06807511694464015,NA,NA,NA,NA,0,0,0,0,0,NA,NA,NA,NA,0.00627104487225263,NA,0,NA,0,NA,NA,0.0369865786139112,0.044857977328392855,NA,0,NA,0,NA,NA,NA,NA,0.032335042486752265,0.00708002947656524,0.0579527553723981,0.0501877866808268,NA,NA,NA,0.0749348452145522,NA,NA,NA,NA,NA,NA,NA,NA,NA,NA,NA,NA,NA,NA,NA,NA,NA,NA,NA,NA,NA,NA,NA,NA,NA,NA,NA,NA,NA,NA,NA,NA,NA,NA,NA,NA,NA,NA,NA,NA,NA,NA,NA,NA,NA,NA,NA,NA,NA,NA,NA,NA,NA,NA,NA,NA,NA,NA,NA,NA,NA,NA,NA,NA,NA,NA,NA,NA,NA,NA,NA,NA,NA,NA,NA,NA,NA,NA,NA,NA,NA,NA,NA,NA,NA,NA,NA,NA,NA,NA,NA,NA,NA,NA,NA,NA,NA,NA,NA,NA,NA,NA,NA,NA,NA,NA,NA,NA,NA,NA,NA,NA,NA,NA,NA,NA,NA,NA,NA,NA,NA,NA,NA,NA,NA,NA,NA,NA,NA,NA,NA,NA,NA,NA,NA,NA,NA,NA,NA,NA,NA,NA,NA,NA,NA,NA,NA,NA,NA,NA,NA,NA,NA,NA,NA,NA,NA,NA,NA,NA,NA,NA,NA,NA,NA,NA,NA,NA,NA,NA,NA,NA,NA,NA,NA,NA,NA,NA,NA,NA,NA,NA,NA,NA,NA,NA,NA,NA,NA,NA,NA,NA,NA,NA,NA,NA,NA,NA,NA,NA,NA,NA,NA,NA,NA,NA,NA,NA,NA,NA,NA,NA,NA,NA,NA,NA,NA,NA,NA,NA,NA,NA,NA,NA,NA,NA,NA,NA,NA,NA,NA,NA,NA,NA,NA,NA,NA,NA,NA,NA,NA,NA,NA,NA,NA,NA,NA,NA,NA,NA,DFC_In3
NA,NA,NA,0.031872386685888335,NA,NA,NA,NA,NA,NA,NA,NA,NA,NA,NA,NA,0.0303459493609149,NA,0.06711645462208604,0,0.02052912505883442,0,NA,NA,NA,NA,NA,0,NA,NA,NA,0.040635893555939,NA,NA,0.0884034688817301,0.02686205384038483,NA,0.022028819378580734,0.0374335039608137,0,NA,NA,0,NA,NA,NA,NA,NA,NA,NA,0,NA,NA,0.0420258510837277,0,0.0292502333337896,NA,0,NA,NA,0.025985136118298058,NA,NA,NA,NA,NA,NA,0,0,0.00529854776380416,NA,NA,NA,NA,0,0.0037834890901754,0.045006664620558766,0.0555259682538558,0.0513950920645135,NA,NA,NA,0,NA,0.08374187732181071,NA,0.0341189151295986,NA,0.03285501882008498,NA,NA,NA,0.0531067702132164,0.052499225092572,0,NA,0,NA,NA,NA,NA,NA,NA,NA,0,0,NA,NA,7.9676420622926e-4,0,NA,0.00802841056506832,NA,0,NA,0,0,0.0181961291358764,NA,NA,NA,NA,NA,0,NA,NA,NA,NA,0,NA,0,NA,0,0,0.0036825597653276664,0,0,NA,NA,NA,NA,NA,NA,0.01056185702607269,NA,0,0.0191604249269675,0,0,NA,0.0362779272177082,NA,0.0942562932316284,0.01255948437843,NA,NA,NA,0.0860038025792975,NA,NA,NA,NA,NA,0.0322488692792046,0,0.0527691103466743,0.006831580011479967,NA,NA,0.00102243127512645,NA,0,0,NA,0,NA,0,0.0277375173517036,NA,0.0136924262986473,NA,NA,NA,0.0653616985592263,NA,0.109552319337052,NA,NA,NA,0,NA,0.0241846050333644,0,0.05167310488809635,NA,NA,NA,0,NA,0.06050511930610435,NA,NA,NA,NA,NA,0.008743077447343754,0,0.0083212485420286,0,NA,NA,0.08154136469685662,NA,NA,NA,NA,0,0.025447163309632384,0,0.0325898798359306,0.01481475449448915,NA,NA,NA,NA,0,NA,0,NA,1.6555206746001e-4,NA,NA,0.0781154385814115,0.0211070014892137,NA,0,NA,0,NA,NA,NA,NA,0.020613443618430437,0,0.0326174581474645,0,NA,NA,NA,0.0316220178488983,NA,NA,NA,NA,NA,NA,NA,NA,NA,NA,NA,NA,NA,NA,NA,NA,NA,NA,NA,NA,NA,NA,NA,NA,NA,NA,NA,NA,NA,NA,NA,NA,NA,NA,NA,NA,NA,NA,NA,NA,NA,NA,NA,NA,NA,NA,NA,NA,NA,NA,NA,NA,NA,NA,NA,NA,NA,NA,NA,NA,NA,NA,NA,NA,NA,NA,NA,NA,NA,NA,NA,NA,NA,NA,NA,NA,NA,NA,NA,NA,NA,NA,NA,NA,NA,NA,NA,NA,NA,NA,NA,NA,NA,NA,NA,NA,NA,NA,NA,NA,NA,NA,NA,NA,NA,NA,NA,NA,NA,NA,NA,NA,NA,NA,NA,NA,NA,NA,NA,NA,NA,NA,NA,NA,NA,NA,NA,NA,NA,NA,NA,NA,NA,NA,NA,NA,NA,NA,NA,NA,NA,NA,NA,NA,NA,NA,NA,NA,NA,NA,NA,NA,NA,NA,NA,NA,NA,NA,NA,NA,NA,NA,NA,NA,NA,NA,NA,NA,NA,NA,NA,NA,NA,NA,NA,NA,NA,NA,NA,NA,NA,NA,NA,NA,NA,NA,NA,NA,NA,NA,NA,NA,NA,NA,NA,NA,NA,NA,NA,NA,NA,NA,NA,NA,NA,NA,NA,NA,NA,NA,NA,NA,NA,NA,NA,NA,NA,NA,NA,NA,NA,NA,NA,NA,NA,NA,NA,NA,NA,NA,NA,NA,NA,NA,NA,NA,NA,NA,NA,NA,NA,NA,NA,NA,NA,NA,NA,NA,NA,NA,DFC_In4
NA,NA,NA,0,NA,NA,NA,NA,NA,NA,NA,NA,NA,NA,NA,NA,0.265737716338951,NA,0.227869015858904,0.0795521877316738,0.036557401755018634,0.0577205012016216,NA,NA,NA,NA,NA,0.11752403019006599,NA,NA,NA,0.3780692488625475,NA,NA,0.485856746463366,0.31844122348781834,NA,0.3814111904757833,0.366038815988712,0.153011377313454,NA,NA,0.114263372688343,NA,NA,NA,NA,NA,NA,NA,0.178487012830288,NA,NA,0.380434502858702,0.40351049970702146,0.347963642610593,NA,0.430954470228361,NA,NA,0,NA,NA,NA,NA,NA,NA,0.1118838884150506,0.151803240272265,0,NA,NA,NA,NA,0,0,0.015846373751757566,0.0245126853656776,0.03916308782201715,NA,NA,NA,0.0278436029310655,NA,0.297851537334878,NA,0.195673209307225,NA,0.03186846511633453,NA,NA,NA,0.212940861661666,0,0.0332522435050822,NA,0.0845852003917516,NA,NA,NA,NA,NA,NA,NA,0,0.176949409396162,NA,NA,0,0,NA,0,NA,0.0445129896973513,NA,0.0136843130562644,0.04244591302732333,0.0133846606528763,NA,NA,NA,NA,NA,0.07678524229690865,NA,NA,NA,NA,0,NA,0,NA,0,0.0414487065851179,0,0,0,NA,NA,NA,NA,NA,NA,0,NA,0,0,0,0,NA,0.248222802790896,NA,0.189670507168701,0,NA,NA,NA,0.330069156522453,NA,NA,NA,NA,NA,0,0.0829880318752408,0.00869902221517991,0,NA,NA,0.0969051945872522,NA,0.133316493467348,0,NA,0.03031723661694835,NA,0.07770448335974695,0.190848893699436,NA,0.178490632237541,NA,NA,NA,0,NA,0.290313858914203,NA,NA,NA,0.051145360743288,NA,0.0423809806570574,0.064896451760581,0.060963307838183496,NA,NA,NA,0,NA,0,NA,NA,NA,NA,NA,0.0363072645717028,0,0,0,NA,NA,0.007048531198233273,NA,NA,NA,NA,0.109626596456379,0.1186400266065918,0.286252548235894,0.193329059781571,0.21292550352675,NA,NA,NA,NA,0.158007414293557,NA,0,NA,0.0353717993204403,NA,NA,0,0.050213168999219,NA,0,NA,0,NA,NA,NA,NA,0.004520866132304567,0,0.221542158478362,0,NA,NA,NA,0,NA,NA,NA,NA,NA,NA,NA,NA,NA,NA,NA,NA,NA,NA,NA,NA,NA,NA,NA,NA,NA,NA,NA,NA,NA,NA,NA,NA,NA,NA,NA,NA,NA,NA,NA,NA,NA,NA,NA,NA,NA,NA,NA,NA,NA,NA,NA,NA,NA,NA,NA,NA,NA,NA,NA,NA,NA,NA,NA,NA,NA,NA,NA,NA,NA,NA,NA,NA,NA,NA,NA,NA,NA,NA,NA,NA,NA,NA,NA,NA,NA,NA,NA,NA,NA,NA,NA,NA,NA,NA,NA,NA,NA,NA,NA,NA,NA,NA,NA,NA,NA,NA,NA,NA,NA,NA,NA,NA,NA,NA,NA,NA,NA,NA,NA,NA,NA,NA,NA,NA,NA,NA,NA,NA,NA,NA,NA,NA,NA,NA,NA,NA,NA,NA,NA,NA,NA,NA,NA,NA,NA,NA,NA,NA,NA,NA,NA,NA,NA,NA,NA,NA,NA,NA,NA,NA,NA,NA,NA,NA,NA,NA,NA,NA,NA,NA,NA,NA,NA,NA,NA,NA,NA,NA,NA,NA,NA,NA,NA,NA,NA,NA,NA,NA,NA,NA,NA,NA,NA,NA,NA,NA,NA,NA,NA,NA,NA,NA,NA,NA,NA,NA,NA,NA,NA,NA,NA,NA,NA,NA,NA,NA,NA,NA,NA,NA,NA,NA,NA,NA,NA,NA,NA,NA,NA,NA,NA,NA,NA,NA,NA,NA,NA,NA,NA,NA,NA,NA,NA,NA,NA,NA,NA,NA,NA,NA,NA,NA,NA,NA,DFC_PVALB
NA,NA,NA,0,NA,NA,NA,NA,NA,NA,NA,NA,NA,NA,NA,NA,0.00449393093742025,NA,0,0,0,0,NA,NA,NA,NA,NA,0,NA,NA,NA,0,NA,NA,0,0,NA,0,0.04644240939427,0,NA,NA,0,NA,NA,NA,NA,NA,NA,NA,0,NA,NA,0.0732346836109629,0.0776527954249078,0.0814808051274846,NA,0.00970361834866065,NA,NA,0,NA,NA,NA,NA,NA,NA,0.10023062646349433,0,0,NA,NA,NA,NA,0,0.005671860200405675,0,0.00368993646368726,0,NA,NA,NA,0,NA,0,NA,0,NA,0.005532404301662366,NA,NA,NA,0,0,0,NA,0,NA,NA,NA,NA,NA,NA,NA,0.024519975670639554,0.0307947420464958,NA,NA,0.030348940159567767,0.0286996341996305,NA,0,NA,0.00921293535209154,NA,0,0.0401325720200171,0.0270037278884289,NA,NA,NA,NA,NA,0.016639913672630745,NA,NA,NA,NA,0.00623553842016877,NA,0.026093711318061,NA,0.03459420876882275,0.151203413071169,0.06488508283271437,0.0216255457978776,0.206551544473022,NA,NA,NA,NA,NA,NA,0.0098207169533459,NA,0.00491953980646332,0.104907273688431,0.0874696815527565,0,NA,0,NA,0,0,NA,NA,NA,0.0303457672081952,NA,NA,NA,NA,NA,0,0.0403245474086674,0.114627106318087,0,NA,NA,0,NA,0.00771712662953669,0,NA,0.1198827336406947,NA,0,0.0186888879001451,NA,0.0258614327372278,NA,NA,NA,0,NA,0,NA,NA,NA,0,NA,0,0,0,NA,NA,NA,0,NA,0.17105982722215551,NA,NA,NA,NA,NA,0.238856565071308,0.02699002711322185,0,0,NA,NA,0,NA,NA,NA,NA,0,0.003958099669759595,0.0549467707004577,0.04283458901064,0,NA,NA,NA,NA,0.200853802538459,NA,0.00546212070870168,NA,0.0890270472848792,NA,NA,0.0316810808713794,0.0124925363605866,NA,0.0548059926880885,NA,0,NA,NA,NA,NA,0.020100829248333035,0,0.0440016700098616,0,NA,NA,NA,0,NA,NA,NA,NA,NA,NA,NA,NA,NA,NA,NA,NA,NA,NA,NA,NA,NA,NA,NA,NA,NA,NA,NA,NA,NA,NA,NA,NA,NA,NA,NA,NA,NA,NA,NA,NA,NA,NA,NA,NA,NA,NA,NA,NA,NA,NA,NA,NA,NA,NA,NA,NA,NA,NA,NA,NA,NA,NA,NA,NA,NA,NA,NA,NA,NA,NA,NA,NA,NA,NA,NA,NA,NA,NA,NA,NA,NA,NA,NA,NA,NA,NA,NA,NA,NA,NA,NA,NA,NA,NA,NA,NA,NA,NA,NA,NA,NA,NA,NA,NA,NA,NA,NA,NA,NA,NA,NA,NA,NA,NA,NA,NA,NA,NA,NA,NA,NA,NA,NA,NA,NA,NA,NA,NA,NA,NA,NA,NA,NA,NA,NA,NA,NA,NA,NA,NA,NA,NA,NA,NA,NA,NA,NA,NA,NA,NA,NA,NA,NA,NA,NA,NA,NA,NA,NA,NA,NA,NA,NA,NA,NA,NA,NA,NA,NA,NA,NA,NA,NA,NA,NA,NA,NA,NA,NA,NA,NA,NA,NA,NA,NA,NA,NA,NA,NA,NA,NA,NA,NA,NA,NA,NA,NA,NA,NA,NA,NA,NA,NA,NA,NA,NA,NA,NA,NA,NA,NA,NA,NA,NA,NA,NA,NA,NA,NA,NA,NA,NA,NA,NA,NA,NA,NA,NA,NA,NA,NA,NA,NA,NA,NA,NA,NA,NA,NA,NA,NA,NA,NA,NA,NA,NA,NA,NA,NA,NA,NA,NA,NA,NA,DFC_SST
NA,NA,NA,0.019429141869886365,NA,NA,NA,NA,NA,NA,NA,NA,NA,NA,NA,NA,0.0545696446259731,NA,0.0486828016812521,0.04620632940732,0.01299100346728776,0.0373225126264353,NA,NA,NA,NA,NA,0.01643463671710535,NA,NA,NA,0.0030709252074162903,NA,NA,0,0.0256203670599394,NA,0.018810805264511267,0,0,NA,NA,0.00186370596731906,NA,NA,NA,NA,NA,NA,NA,0,NA,NA,0.0282316014865135,0,0.0290980895270352,NA,0.0266323397805905,NA,NA,0.00560108693232535,NA,NA,NA,NA,NA,NA,0,0,0.0117455398279509,NA,NA,NA,NA,0.00482812019149439,0.028118908767549484,0.04690349182080765,0.0226581934748001,0.05690680851695415,NA,NA,NA,0.031530463372435,NA,0.06138067047096915,NA,0,NA,0.017934490865636168,NA,NA,NA,0.0461898533150761,0.044037156633227895,0,NA,0,NA,NA,NA,NA,NA,NA,NA,0.0166351057991722,0,NA,NA,0.0050205425021977,0,NA,0.0134986263255838,NA,0,NA,0,0,0.016302233466217855,NA,NA,NA,NA,NA,0.013398254200863144,NA,NA,NA,NA,0,NA,0.001456801627765,NA,4.8049814883387e-4,0,0,0,0,NA,NA,NA,NA,NA,NA,0,NA,0,0,0,0,NA,0,NA,0.0347748389359424,0.0288145308911228,NA,NA,NA,0.0207061351264283,NA,NA,NA,NA,NA,0.0291581802424886,0,0,0.029820616564653644,NA,NA,0.0205972606766051,NA,0.00364173853705452,0,NA,0.010720318251249025,NA,0.00155051005771966,0.035728349902312,NA,0,NA,NA,NA,0.0701663586882601,NA,0,NA,NA,NA,0.002691440775354665,NA,0.0443118492867821,0.014191080812964801,0.0244526792107598,NA,NA,NA,0.0348943940361521,NA,0.00569115882902018,NA,NA,NA,NA,NA,0,0.00747179522934625,0,0,NA,NA,0.025721429423752575,NA,NA,NA,NA,0.0137215670239337,0.023880377633790903,0,0.00474006619959931,0.025504746446965702,NA,NA,NA,NA,0,NA,0.0181300006879569,NA,0.00439560261872412,NA,NA,0.0231182239071275,0.01765612913496115,NA,0,NA,0,NA,NA,NA,NA,0,0,0,0.01102867017294086,NA,NA,NA,0,NA,NA,NA,NA,NA,NA,NA,NA,NA,NA,NA,NA,NA,NA,NA,NA,NA,NA,NA,NA,NA,NA,NA,NA,NA,NA,NA,NA,NA,NA,NA,NA,NA,NA,NA,NA,NA,NA,NA,NA,NA,NA,NA,NA,NA,NA,NA,NA,NA,NA,NA,NA,NA,NA,NA,NA,NA,NA,NA,NA,NA,NA,NA,NA,NA,NA,NA,NA,NA,NA,NA,NA,NA,NA,NA,NA,NA,NA,NA,NA,NA,NA,NA,NA,NA,NA,NA,NA,NA,NA,NA,NA,NA,NA,NA,NA,NA,NA,NA,NA,NA,NA,NA,NA,NA,NA,NA,NA,NA,NA,NA,NA,NA,NA,NA,NA,NA,NA,NA,NA,NA,NA,NA,NA,NA,NA,NA,NA,NA,NA,NA,NA,NA,NA,NA,NA,NA,NA,NA,NA,NA,NA,NA,NA,NA,NA,NA,NA,NA,NA,NA,NA,NA,NA,NA,NA,NA,NA,NA,NA,NA,NA,NA,NA,NA,NA,NA,NA,NA,NA,NA,NA,NA,NA,NA,NA,NA,NA,NA,NA,NA,NA,NA,NA,NA,NA,NA,NA,NA,NA,NA,NA,NA,NA,NA,NA,NA,NA,NA,NA,NA,NA,NA,NA,NA,NA,NA,NA,NA,NA,NA,NA,NA,NA,NA,NA,NA,NA,NA,NA,NA,NA,NA,NA,NA,NA,NA,NA,NA,NA,NA,NA,NA,NA,NA,NA,NA,NA,NA,NA,NA,NA,NA,NA,NA,NA,NA,NA,NA,NA,DFC_End
NA,NA,NA,0,NA,NA,NA,NA,NA,NA,NA,NA,NA,NA,NA,NA,0.0152228418184684,NA,0,0.0266327038857599,0,0,NA,NA,NA,NA,NA,0,NA,NA,NA,0,NA,NA,0.00551819894956433,0.035064805633233366,NA,0.014266433773818567,0,0.00836186637336972,NA,NA,0.0101130316759483,NA,NA,NA,NA,NA,NA,NA,0.010835302824357095,NA,NA,0.00839198738825518,0.01894767433017395,0.0141069120325603,NA,0.0298914510582987,NA,NA,0,NA,NA,NA,NA,NA,NA,0.009023084799883134,0.0280957053846846,0,NA,NA,NA,NA,0,0.007348123447211648,0.011453703856624066,0.0139947637775079,0.033463894520880805,NA,NA,NA,0.0839290918553509,NA,0.02788960543444912,NA,0.0027340025870526102,NA,7.8730689158686e-4,NA,NA,NA,0.0894319159714487,0.068722101257986,0.0425434720755033,NA,0,NA,NA,NA,NA,NA,NA,NA,0.0155997228328669,0,NA,NA,0,0,NA,0.00183570101295831,NA,0,NA,0,0.0023679057868877334,0,NA,NA,NA,NA,NA,0,NA,NA,NA,NA,0.0757631147474495,NA,0,NA,0,0.00371652958785171,0,0,0.00315004359559671,NA,NA,NA,NA,NA,NA,0,NA,0,0,0,0,NA,0.0311203512384493,NA,0.0484876145181927,0.0230261563436601,NA,NA,NA,0.0314013403893752,NA,NA,NA,NA,NA,0,0.00113458925747588,0.0368833550107216,0.014582994697429666,NA,NA,0.00839873116602786,NA,0,0,NA,0.058173619104095894,NA,0,0,NA,0,NA,NA,NA,0.0214870506374234,NA,0.0773635753691944,NA,NA,NA,0.00521418242773225,NA,0.0732810119892105,0.00115593344914444,0.0048039820241846535,NA,NA,NA,0.0191729177026711,NA,0.04024017054223422,NA,NA,NA,NA,NA,0.0320161510472936,0,0,0.065005214521716,NA,NA,0.023309003456471345,NA,NA,NA,NA,0,0.012615723179584329,0.0174449847601962,0,0.039767511496263105,NA,NA,NA,NA,0,NA,0,NA,0,NA,NA,0,0,NA,0,NA,0.00240124035198614,NA,NA,NA,NA,0,0.00157934782490477,0,0,NA,NA,NA,0,NA,NA,NA,NA,NA,NA,NA,NA,NA,NA,NA,NA,NA,NA,NA,NA,NA,NA,NA,NA,NA,NA,NA,NA,NA,NA,NA,NA,NA,NA,NA,NA,NA,NA,NA,NA,NA,NA,NA,NA,NA,NA,NA,NA,NA,NA,NA,NA,NA,NA,NA,NA,NA,NA,NA,NA,NA,NA,NA,NA,NA,NA,NA,NA,NA,NA,NA,NA,NA,NA,NA,NA,NA,NA,NA,NA,NA,NA,NA,NA,NA,NA,NA,NA,NA,NA,NA,NA,NA,NA,NA,NA,NA,NA,NA,NA,NA,NA,NA,NA,NA,NA,NA,NA,NA,NA,NA,NA,NA,NA,NA,NA,NA,NA,NA,NA,NA,NA,NA,NA,NA,NA,NA,NA,NA,NA,NA,NA,NA,NA,NA,NA,NA,NA,NA,NA,NA,NA,NA,NA,NA,NA,NA,NA,NA,NA,NA,NA,NA,NA,NA,NA,NA,NA,NA,NA,NA,NA,NA,NA,NA,NA,NA,NA,NA,NA,NA,NA,NA,NA,NA,NA,NA,NA,NA,NA,NA,NA,NA,NA,NA,NA,NA,NA,NA,NA,NA,NA,NA,NA,NA,NA,NA,NA,NA,NA,NA,NA,NA,NA,NA,NA,NA,NA,NA,NA,NA,NA,NA,NA,NA,NA,NA,NA,NA,NA,NA,NA,NA,NA,NA,NA,NA,NA,NA,NA,NA,NA,NA,NA,NA,NA,NA,NA,NA,NA,NA,NA,NA,NA,NA,NA,NA,NA,NA,NA,NA,NA,NA,NA,DFC_Per
NA,NA,NA,0,NA,NA,NA,NA,NA,NA,NA,NA,NA,NA,NA,NA,0,NA,0,0,0,0,NA,NA,NA,NA,NA,0,NA,NA,NA,0,NA,NA,0,0.04337618660974934,NA,0.013643410696830434,0,0,NA,NA,0.25669378265903,NA,NA,NA,NA,NA,NA,NA,0,NA,NA,0,0,0.194318399161313,NA,0,NA,NA,0,NA,NA,NA,NA,NA,NA,0,0,0,NA,NA,NA,NA,0.0301203101035476,0.014143200792342249,0,0,0,NA,NA,NA,0.264714558433439,NA,0.16419271079985046,NA,0.0484163864733393,NA,0,NA,NA,NA,0.507404270863585,0.299639869994073,0,NA,0.138443305576725,NA,NA,NA,NA,NA,NA,NA,0.01289298786369195,0,NA,NA,0.003623085055663865,0.0474950765309217,NA,0.0332752771414331,NA,0.242473452994021,NA,0,0.0128624410072851,0.14230952973989952,NA,NA,NA,NA,NA,0,NA,NA,NA,NA,1.10988440229832,NA,0.148237577734258,NA,0.018962471614850433,0,0,0,0.20850533453763,NA,NA,NA,NA,NA,NA,0.0862995171293219,NA,0,0.0922839805936998,0.00951052916369485,0,NA,0.16586025590506,NA,0.360728823432111,0.129753448751564,NA,NA,NA,0.30361616048052,NA,NA,NA,NA,NA,0.0678207796727482,0,0,0.10661753317940721,NA,NA,0.0597634663911542,NA,0.0255148513541841,0,NA,0.0929771598392945,NA,0,0,NA,0,NA,NA,NA,0.0613926165615227,NA,0.37427805627432,NA,NA,NA,0.02924577353605435,NA,0,0,0.0723841648695948,NA,NA,NA,0.0920005281746999,NA,0.6290696082400082,NA,NA,NA,NA,NA,0.4696442371839717,0.0476670247247935,0.131227716892755,0,NA,NA,0.036548817210595184,NA,NA,NA,NA,0,0.0577536865209448,0.224301107101003,0.197641439377428,0.1851336076909515,NA,NA,NA,NA,0,NA,0,NA,0,NA,NA,0,0,NA,0,NA,0,NA,NA,NA,NA,0,0,0,0,NA,NA,NA,0,NA,NA,NA,NA,NA,NA,NA,NA,NA,NA,NA,NA,NA,NA,NA,NA,NA,NA,NA,NA,NA,NA,NA,NA,NA,NA,NA,NA,NA,NA,NA,NA,NA,NA,NA,NA,NA,NA,NA,NA,NA,NA,NA,NA,NA,NA,NA,NA,NA,NA,NA,NA,NA,NA,NA,NA,NA,NA,NA,NA,NA,NA,NA,NA,NA,NA,NA,NA,NA,NA,NA,NA,NA,NA,NA,NA,NA,NA,NA,NA,NA,NA,NA,NA,NA,NA,NA,NA,NA,NA,NA,NA,NA,NA,NA,NA,NA,NA,NA,NA,NA,NA,NA,NA,NA,NA,NA,NA,NA,NA,NA,NA,NA,NA,NA,NA,NA,NA,NA,NA,NA,NA,NA,NA,NA,NA,NA,NA,NA,NA,NA,NA,NA,NA,NA,NA,NA,NA,NA,NA,NA,NA,NA,NA,NA,NA,NA,NA,NA,NA,NA,NA,NA,NA,NA,NA,NA,NA,NA,NA,NA,NA,NA,NA,NA,NA,NA,NA,NA,NA,NA,NA,NA,NA,NA,NA,NA,NA,NA,NA,NA,NA,NA,NA,NA,NA,NA,NA,NA,NA,NA,NA,NA,NA,NA,NA,NA,NA,NA,NA,NA,NA,NA,NA,NA,NA,NA,NA,NA,NA,NA,NA,NA,NA,NA,NA,NA,NA,NA,NA,NA,NA,NA,NA,NA,NA,NA,NA,NA,NA,NA,NA,NA,NA,NA,NA,NA,NA,NA,NA,NA,NA,NA,NA,NA,NA,NA,NA,NA,NA,DFC_Ast
NA,NA,NA,0.23619078661373,NA,NA,NA,NA,NA,NA,NA,NA,NA,NA,NA,NA,0,NA,0.38777706574119947,1.15891257613224,0.391682901081819,0.912389690347861,NA,NA,NA,NA,NA,0.9528588818018775,NA,NA,NA,0,NA,NA,0,0.631116776078977,NA,0.2681939513159797,0,0.278727753092493,NA,NA,0,NA,NA,NA,NA,NA,NA,NA,0.500816996219842,NA,NA,0,0,0,NA,0,NA,NA,0.2799970007986245,NA,NA,NA,NA,NA,NA,0.06821778927765833,0,0.468333063069344,NA,NA,NA,NA,0.228620261959143,0.3171041767304307,0.009074305774800532,0.613444414311555,0.40069265711618,NA,NA,NA,0,NA,0,NA,0,NA,0.07953338017662599,NA,NA,NA,0,0.246375525294579,0,NA,0,NA,NA,NA,NA,NA,NA,NA,0.218947567477075,0,NA,NA,0.1200390830066505,0,NA,0,NA,0,NA,0.170187682185202,0,0,NA,NA,NA,NA,NA,0,NA,NA,NA,NA,0.449789046231699,NA,0,NA,0.55352075584131,0,0,0.284170462575853,0,NA,NA,NA,NA,NA,NA,0,NA,0,0,0.1357424551343382,0.355759525756198,NA,0,NA,0,0,NA,NA,NA,0,NA,NA,NA,NA,NA,0.786996937180546,0,0,0.20837642872992135,NA,NA,0.356144184538019,NA,0,0.598409106947778,NA,0.2908663077569775,NA,0,0.288444582719628,NA,0,NA,NA,NA,0,NA,0,NA,NA,NA,0.2754087585437265,NA,0,1.081867441137225,0,NA,NA,NA,0.610507532734437,NA,0,NA,NA,NA,NA,NA,0,0.2415496142781915,0.6212696603042736,0.196261701761907,NA,NA,0,NA,NA,NA,NA,0,0,0,0,0,NA,NA,NA,NA,0,NA,0.370334637892293,NA,0.444442210076617,NA,NA,0.343905998700222,0,NA,0,NA,0.541437994647165,NA,NA,NA,NA,0,0.497531035505826,0,0.54552293587819,NA,NA,NA,0,NA,NA,NA,NA,NA,NA,NA,NA,NA,NA,NA,NA,NA,NA,NA,NA,NA,NA,NA,NA,NA,NA,NA,NA,NA,NA,NA,NA,NA,NA,NA,NA,NA,NA,NA,NA,NA,NA,NA,NA,NA,NA,NA,NA,NA,NA,NA,NA,NA,NA,NA,NA,NA,NA,NA,NA,NA,NA,NA,NA,NA,NA,NA,NA,NA,NA,NA,NA,NA,NA,NA,NA,NA,NA,NA,NA,NA,NA,NA,NA,NA,NA,NA,NA,NA,NA,NA,NA,NA,NA,NA,NA,NA,NA,NA,NA,NA,NA,NA,NA,NA,NA,NA,NA,NA,NA,NA,NA,NA,NA,NA,NA,NA,NA,NA,NA,NA,NA,NA,NA,NA,NA,NA,NA,NA,NA,NA,NA,NA,NA,NA,NA,NA,NA,NA,NA,NA,NA,NA,NA,NA,NA,NA,NA,NA,NA,NA,NA,NA,NA,NA,NA,NA,NA,NA,NA,NA,NA,NA,NA,NA,NA,NA,NA,NA,NA,NA,NA,NA,NA,NA,NA,NA,NA,NA,NA,NA,NA,NA,NA,NA,NA,NA,NA,NA,NA,NA,NA,NA,NA,NA,NA,NA,NA,NA,NA,NA,NA,NA,NA,NA,NA,NA,NA,NA,NA,NA,NA,NA,NA,NA,NA,NA,NA,NA,NA,NA,NA,NA,NA,NA,NA,NA,NA,NA,NA,NA,NA,NA,NA,NA,NA,NA,NA,NA,NA,NA,NA,NA,NA,NA,NA,NA,NA,NA,NA,NA,NA,NA,NA,DFC_Oli
NA,NA,NA,0,NA,NA,NA,NA,NA,NA,NA,NA,NA,NA,NA,NA,0,NA,0,0,0,0,NA,NA,NA,NA,NA,0,NA,NA,NA,0,NA,NA,0,0,NA,0,0,0,NA,NA,0.00155759106533929,NA,NA,NA,NA,NA,NA,NA,0,NA,NA,0,0,0.0422465459742697,NA,0,NA,NA,0,NA,NA,NA,NA,NA,NA,0.007099658446286967,0,0,NA,NA,NA,NA,0.01743685054616,0.03941882006607688,0.038428526162931,0,0.053861050923260254,NA,NA,NA,0,NA,0,NA,0,NA,0.0067624818935779,NA,NA,NA,0.0987426455304103,0.09088837742259345,0,NA,0,NA,NA,NA,NA,NA,NA,NA,0,0,NA,NA,0.002160764560809345,0.0297310698927537,NA,0,NA,0.0485327281459049,NA,0,0.018972438808898033,0.00794330906459975,NA,NA,NA,NA,NA,0,NA,NA,NA,NA,0.261836485492607,NA,0,NA,1.51906894437275e-4,0,0,0,0.0936229342843716,NA,NA,NA,NA,NA,NA,0.02139081816375348,NA,0,0.0128511091788213,0.0564442452166124,0.00248100496405036,NA,0.0622992837547919,NA,0.0115216785636303,0.0246636161981712,NA,NA,NA,0.0476204689087187,NA,NA,NA,NA,NA,0.0234969909153294,0,0.0721539385829057,0.04092805894700333,NA,NA,0,NA,0,0,NA,0.060347947637581,NA,0,0,NA,0,NA,NA,NA,0.0461862313555526,NA,0.0741540780930307,NA,NA,NA,0,NA,0.02567056553301,0,0.0037661896635200333,NA,NA,NA,0.01958860710428,NA,0.2183197636743682,NA,NA,NA,NA,NA,0.08104967214393874,0.04231457899438465,0,0,NA,NA,0.015046056528370925,NA,NA,NA,NA,0,0,0,0.0396327590372976,0,NA,NA,NA,NA,0,NA,0,NA,0,NA,NA,0.0098279018032324,0,NA,0.0456810664523611,NA,0,NA,NA,NA,NA,0,0.0573263906867052,0,2.2155859405334e-4,NA,NA,NA,0,NA,NA,NA,NA,NA,NA,NA,NA,NA,NA,NA,NA,NA,NA,NA,NA,NA,NA,NA,NA,NA,NA,NA,NA,NA,NA,NA,NA,NA,NA,NA,NA,NA,NA,NA,NA,NA,NA,NA,NA,NA,NA,NA,NA,NA,NA,NA,NA,NA,NA,NA,NA,NA,NA,NA,NA,NA,NA,NA,NA,NA,NA,NA,NA,NA,NA,NA,NA,NA,NA,NA,NA,NA,NA,NA,NA,NA,NA,NA,NA,NA,NA,NA,NA,NA,NA,NA,NA,NA,NA,NA,NA,NA,NA,NA,NA,NA,NA,NA,NA,NA,NA,NA,NA,NA,NA,NA,NA,NA,NA,NA,NA,NA,NA,NA,NA,NA,NA,NA,NA,NA,NA,NA,NA,NA,NA,NA,NA,NA,NA,NA,NA,NA,NA,NA,NA,NA,NA,NA,NA,NA,NA,NA,NA,NA,NA,NA,NA,NA,NA,NA,NA,NA,NA,NA,NA,NA,NA,NA,NA,NA,NA,NA,NA,NA,NA,NA,NA,NA,NA,NA,NA,NA,NA,NA,NA,NA,NA,NA,NA,NA,NA,NA,NA,NA,NA,NA,NA,NA,NA,NA,NA,NA,NA,NA,NA,NA,NA,NA,NA,NA,NA,NA,NA,NA,NA,NA,NA,NA,NA,NA,NA,NA,NA,NA,NA,NA,NA,NA,NA,NA,NA,NA,NA,NA,NA,NA,NA,NA,NA,NA,NA,NA,NA,NA,NA,NA,NA,NA,NA,NA,NA,NA,NA,NA,NA,NA,NA,NA,NA,DFC_OPC
NA,NA,NA,0,NA,NA,NA,NA,NA,NA,NA,NA,NA,NA,NA,NA,0.0211418342892456,NA,0.02034167764785975,0.0497325344191366,0,0,NA,NA,NA,NA,NA,0,NA,NA,NA,0.05728785202545915,NA,NA,0.0555571902835793,0,NA,0.0033247858200702337,0.0224118769791694,0.00438769673589394,NA,NA,0,NA,NA,NA,NA,NA,NA,NA,0.022815486690199786,NA,NA,0.0215878400819236,0.02032640404038175,0.0918370787831942,NA,0.0877873526819553,NA,NA,0,NA,NA,NA,NA,NA,NA,0.03379772664608067,0.008384491769161,0,NA,NA,NA,NA,0,0,0.011334437699362404,0,0,NA,NA,NA,0.20714399068526,NA,0,NA,0.0244676573479019,NA,0.00425590815967368,NA,NA,NA,0,0.00860617443447465,0.0967380056232216,NA,0,NA,NA,NA,NA,NA,NA,NA,0.01969351460479645,0,NA,NA,0,0,NA,0,NA,0,NA,0,0.0045079724944915335,0,NA,NA,NA,NA,NA,0,NA,NA,NA,NA,0.0541619514819733,NA,0,NA,0.0025354488977477,0.0164260316241751,0.0013554271150970534,0.00444744667468387,0.0259169609382892,NA,NA,NA,NA,NA,NA,0.00109000945314529,NA,0.00441396905699514,0.0217311935071324,0.03309287996664755,0,NA,0.0626560255269235,NA,0.0120703549141734,0,NA,NA,NA,0.0209222691963242,NA,NA,NA,NA,NA,0,0,0.0345088851371517,0.021600415708144863,NA,NA,0,NA,0.00774398452343995,0,NA,0.02466582293433,NA,0,0,NA,0.00862865600070084,NA,NA,NA,0,NA,0.0247445260034243,NA,NA,NA,0,NA,0.00442024171956517,0,0,NA,NA,NA,0,NA,0.05037462857004105,NA,NA,NA,NA,NA,0.0892907028576357,0.01979762512348843,0,0.0453792924020987,NA,NA,0.006310346344470975,NA,NA,NA,NA,0,0,0.0134658322580606,0.0138137474343871,0.0091997720603255,NA,NA,NA,NA,0.0467570150117304,NA,0,NA,0,NA,NA,0,0,NA,0,NA,0,NA,NA,NA,NA,0,0.0456017597314894,0,0,NA,NA,NA,0,NA,NA,NA,NA,NA,NA,NA,NA,NA,NA,NA,NA,NA,NA,NA,NA,NA,NA,NA,NA,NA,NA,NA,NA,NA,NA,NA,NA,NA,NA,NA,NA,NA,NA,NA,NA,NA,NA,NA,NA,NA,NA,NA,NA,NA,NA,NA,NA,NA,NA,NA,NA,NA,NA,NA,NA,NA,NA,NA,NA,NA,NA,NA,NA,NA,NA,NA,NA,NA,NA,NA,NA,NA,NA,NA,NA,NA,NA,NA,NA,NA,NA,NA,NA,NA,NA,NA,NA,NA,NA,NA,NA,NA,NA,NA,NA,NA,NA,NA,NA,NA,NA,NA,NA,NA,NA,NA,NA,NA,NA,NA,NA,NA,NA,NA,NA,NA,NA,NA,NA,NA,NA,NA,NA,NA,NA,NA,NA,NA,NA,NA,NA,NA,NA,NA,NA,NA,NA,NA,NA,NA,NA,NA,NA,NA,NA,NA,NA,NA,NA,NA,NA,NA,NA,NA,NA,NA,NA,NA,NA,NA,NA,NA,NA,NA,NA,NA,NA,NA,NA,NA,NA,NA,NA,NA,NA,NA,NA,NA,NA,NA,NA,NA,NA,NA,NA,NA,NA,NA,NA,NA,NA,NA,NA,NA,NA,NA,NA,NA,NA,NA,NA,NA,NA,NA,NA,NA,NA,NA,NA,NA,NA,NA,NA,NA,NA,NA,NA,NA,NA,NA,NA,NA,NA,NA,NA,NA,NA,NA,NA,NA,NA,NA,NA,NA,NA,NA,NA,NA,NA,NA,NA,NA,NA,NA,NA,NA,NA,NA,NA,DFC_Mic
